"Class","V2","V3","V4","V5","V6","V7","V8","V9","V10","V11","V12","V13","V14","V15","V16","V17","V18","V19","V20","V21","V22","V23","V24","V25","V26","V27","V28","V29","V30","V31","V32","V33","V34","V35","V36","V37","V38","V39","V40","V41","V42","V43","V44","V45","V46","V47","V48","V49","V50","V51","V52","V53","V54","V55","V56","V57","V58"
1,"g","c","c","t","t","c","t","c","c","a","a","a","a","c","g","t","g","t","t","t","t","t","t","g","t","t","g","t","t","a","a","t","t","c","g","g","t","g","t","a","g","a","c","t","t","g","t","a","a","a","c","c","t","a","a","a","t"
1,"a","t","g","c","a","a","t","t","t","t","t","t","a","g","t","t","g","c","a","t","g","a","a","c","t","c","g","c","a","t","g","t","c","t","c","c","a","t","a","g","a","a","t","g","c","g","c","g","c","t","a","c","t","t","g","a","t"
1,"c","c","g","t","t","t","a","t","t","t","t","t","t","c","t","a","c","c","c","a","t","a","t","c","c","t","t","g","a","a","g","c","g","g","t","g","t","t","a","t","a","a","t","g","c","c","g","c","g","c","c","c","t","c","g","a","t"
1,"t","c","t","c","a","a","c","g","t","a","a","c","a","c","t","t","t","a","c","a","g","c","g","g","c","g","c","g","t","c","a","t","t","t","g","a","t","a","t","g","a","t","g","c","g","c","c","c","c","g","c","t","t","c","c","c","g"
1,"t","a","g","g","c","a","c","c","c","c","a","g","g","c","t","t","t","a","c","a","c","t","t","t","a","t","g","c","t","t","c","c","g","g","c","t","c","g","t","a","t","g","t","t","g","t","g","t","g","g","a","a","t","t","g","t","g"
1,"a","t","a","t","a","a","a","a","a","a","g","t","t","c","t","t","g","c","t","t","t","c","t","a","a","c","g","t","g","a","a","a","g","t","g","g","t","t","t","a","g","g","t","t","a","a","a","a","g","a","c","a","t","c","a","g","t"
1,"c","a","a","g","g","t","a","g","a","a","t","g","c","t","t","t","g","c","c","t","t","g","t","c","g","g","c","c","t","g","a","t","t","a","a","t","g","g","c","a","c","g","a","t","a","g","t","c","g","c","a","t","c","g","g","a","t"
1,"t","t","a","g","c","g","g","a","t","c","c","t","a","c","c","t","g","a","c","g","c","t","t","t","t","t","a","t","c","g","c","a","a","c","t","c","t","c","t","a","c","t","g","t","t","t","c","t","c","c","a","t","a","c","c","c","g"
1,"c","t","g","c","a","a","t","t","t","t","t","c","t","a","t","t","g","c","g","g","c","c","t","g","c","g","g","a","g","a","a","c","t","c","c","c","t","a","t","a","a","t","g","c","g","c","c","t","c","c","a","t","c","g","a","c","a"
1,"t","g","t","a","a","a","c","t","a","a","t","g","c","c","t","t","t","a","c","g","t","g","g","g","c","g","g","t","g","a","t","t","t","t","g","t","c","t","a","c","a","a","t","c","t","t","a","c","c","c","c","c","a","c","g","t","a"
1,"c","a","c","t","a","a","t","t","t","a","t","t","c","c","a","t","g","t","c","a","c","a","c","t","t","t","t","c","g","c","a","t","c","t","t","t","g","t","t","a","t","g","c","t","a","t","g","g","t","t","a","t","t","t","c","a","t"
1,"a","g","g","g","g","c","a","a","g","g","a","g","g","a","t","g","g","a","a","a","g","a","g","g","t","t","g","c","c","g","t","a","t","a","a","a","g","a","a","a","c","t","a","g","a","g","t","c","c","g","t","t","t","a","g","g","t"
1,"c","c","a","t","c","a","a","a","a","a","a","a","t","a","t","t","c","t","c","a","a","c","a","t","a","a","a","a","a","a","c","t","t","t","g","t","g","t","a","a","t","a","c","t","t","g","t","a","a","c","g","c","t","a","c","a","t"
1,"a","t","g","c","a","t","t","t","t","t","c","c","g","c","t","t","g","t","c","t","t","c","c","t","g","a","g","c","c","g","a","c","t","c","c","c","t","a","t","a","a","t","g","c","g","c","c","t","c","c","a","t","c","g","a","c","a"
1,"t","c","a","g","a","a","a","t","a","t","t","a","t","g","g","t","g","a","t","g","a","a","c","t","g","t","t","t","t","t","t","t","a","t","c","c","a","g","t","a","t","a","a","t","t","t","g","t","t","g","g","c","a","t","a","a","t"
1,"g","a","c","a","c","c","a","t","c","g","a","a","t","g","g","c","g","c","a","a","a","a","c","c","t","t","t","c","g","c","g","g","t","a","t","g","g","c","a","t","g","a","t","a","g","c","g","c","c","c","g","g","a","a","g","a","g"
1,"a","c","a","g","t","t","a","t","c","c","a","c","t","a","t","t","c","c","t","g","t","g","g","a","t","a","a","c","c","a","t","g","t","g","t","a","t","t","a","g","a","g","t","t","a","g","a","a","a","a","c","a","c","g","a","g","g"
1,"g","c","a","a","a","t","a","a","t","c","a","a","t","g","t","g","g","a","c","t","t","t","t","c","t","g","c","c","g","t","g","a","t","t","a","t","a","g","a","c","a","c","t","t","t","t","g","t","t","a","c","g","c","g","t","t","t"
1,"t","c","t","g","a","a","a","t","g","a","g","c","t","g","t","t","g","a","c","a","a","t","t","a","a","t","c","a","t","c","g","a","a","c","t","a","g","t","t","a","a","c","t","a","g","t","a","c","g","c","a","a","g","t","t","c","a"
1,"t","a","c","t","a","g","c","a","a","t","a","c","g","c","t","t","g","c","g","t","t","c","g","g","t","g","g","t","t","a","a","g","t","a","t","g","t","a","t","a","a","t","g","c","g","c","g","g","g","c","t","t","g","t","c","g","t"
1,"t","a","a","a","a","a","a","c","t","a","a","c","a","g","t","t","g","t","c","a","g","c","c","t","g","t","c","c","c","g","c","t","t","a","t","a","a","g","a","t","c","a","t","a","c","g","c","c","g","t","t","a","t","a","c","g","t"
1,"t","c","g","a","t","a","a","t","t","a","a","c","t","a","t","t","g","a","c","g","a","a","a","a","g","c","t","g","a","a","a","a","c","c","a","c","t","a","g","a","a","t","g","c","g","c","c","t","c","c","g","t","g","g","t","a","g"
1,"c","a","g","g","g","g","g","t","g","g","a","g","g","a","t","t","t","a","a","g","c","c","a","t","c","t","c","c","t","g","a","t","g","a","c","g","c","a","t","a","g","t","c","a","g","c","c","c","a","t","c","a","t","g","a","a","t"
1,"t","t","t","t","a","a","a","t","t","t","c","c","t","c","t","t","g","t","c","a","g","g","c","c","g","g","a","a","t","a","a","c","t","c","c","c","t","a","t","a","a","t","g","c","g","c","c","a","c","c","a","c","t","g","a","c","a"
1,"t","g","g","g","g","a","c","g","t","c","g","t","t","a","c","t","g","a","t","c","c","g","c","a","c","g","t","t","t","a","t","g","a","t","a","t","g","c","t","a","t","c","g","t","a","c","t","c","t","t","t","a","g","c","g","a","g"
1,"a","a","a","c","a","a","t","t","t","c","a","g","a","a","t","a","g","a","c","a","a","a","a","a","c","t","c","t","g","a","g","t","g","t","a","a","t","a","a","t","g","t","a","g","c","c","t","c","g","t","g","t","c","t","t","g","c"
1,"a","a","t","t","g","t","g","a","t","g","t","g","t","a","t","c","g","a","a","g","t","g","t","g","t","t","g","c","g","g","a","g","t","a","g","a","t","g","t","t","a","g","a","a","t","a","c","t","a","a","c","a","a","a","c","t","c"
1,"g","c","a","a","a","a","a","t","a","a","a","t","g","c","t","t","g","a","c","t","c","t","g","t","a","g","c","g","g","g","a","a","g","g","c","g","t","a","t","t","a","t","g","c","a","c","a","c","c","c","c","g","c","g","c","c","g"
1,"g","g","c","c","a","a","a","a","a","a","t","a","t","c","t","t","g","t","a","c","t","a","t","t","t","a","c","a","a","a","a","c","c","t","a","t","g","g","t","a","a","c","t","c","t","t","t","a","g","g","c","a","t","t","c","c","t"
1,"c","c","t","g","a","a","a","t","t","c","a","g","g","g","t","t","g","a","c","t","c","t","g","a","a","a","g","a","g","g","a","a","a","g","c","g","t","a","a","t","a","t","a","c","g","c","c","a","c","c","t","c","g","c","g","a","c"
1,"t","t","t","c","t","a","c","a","a","a","a","c","a","c","t","t","g","a","t","a","c","t","g","t","a","t","g","a","g","c","a","t","a","c","a","g","t","a","t","a","a","t","t","g","c","t","t","c","a","a","c","a","g","a","a","c","a"
1,"a","a","c","g","c","a","t","a","c","g","g","t","a","t","t","t","t","a","c","c","t","t","c","c","c","a","g","t","c","a","a","g","a","a","a","a","c","t","t","a","t","c","t","t","a","t","t","c","c","c","a","c","t","t","t","t","c"
1,"c","a","g","a","a","a","c","g","t","t","t","t","a","t","t","c","g","a","a","c","a","t","c","g","a","t","c","t","c","g","t","c","t","t","g","t","g","t","t","a","g","a","a","t","t","c","t","a","a","c","a","t","a","c","g","g","t"
1,"t","g","t","g","c","a","g","t","t","t","a","t","g","g","t","t","c","c","a","a","a","a","t","c","g","c","c","t","t","t","t","g","c","t","g","t","a","t","a","t","a","c","t","c","a","c","a","g","c","a","t","a","a","c","t","g","t"
1,"c","g","a","c","t","t","a","a","t","a","t","a","c","t","g","c","g","a","c","a","g","g","a","c","g","t","c","c","g","t","t","c","t","g","t","g","t","a","a","a","t","c","g","c","a","a","t","g","a","a","a","t","g","g","t","t","t"
1,"t","c","c","a","g","t","a","t","a","a","t","t","t","g","t","t","g","g","c","a","t","a","a","t","t","a","a","g","t","a","c","g","a","c","g","a","g","t","a","a","a","a","t","t","a","c","a","t","a","c","c","t","g","c","c","c","g"
1,"c","t","g","t","t","g","t","t","c","a","g","t","t","t","t","t","g","a","g","t","t","g","t","g","t","a","t","a","a","c","c","c","c","t","c","a","t","t","c","t","g","a","t","c","c","c","a","g","c","t","t","a","t","a","c","g","g"
1,"g","a","t","c","a","a","a","a","a","a","a","t","a","c","t","t","g","t","g","c","a","a","a","a","a","a","t","t","g","g","g","a","t","c","c","c","t","a","t","a","a","t","g","c","g","c","c","t","c","c","g","t","t","g","a","g","a"
1,"g","t","a","c","t","a","g","a","g","a","a","c","t","a","g","t","g","c","a","t","t","a","g","c","t","t","a","t","t","t","t","t","t","t","g","t","t","a","t","c","a","t","g","c","t","a","a","c","c","a","c","c","c","g","g","c","g"
1,"t","t","c","g","c","a","t","a","t","t","t","t","t","c","t","t","g","c","a","a","a","g","t","t","g","g","g","t","t","g","a","g","c","t","g","g","c","t","a","g","a","t","t","a","g","c","c","a","g","c","c","a","a","t","c","t","t"
1,"a","a","g","c","a","a","a","g","a","a","a","t","g","c","t","t","g","a","c","t","c","t","g","t","a","g","c","g","g","g","a","a","g","g","c","g","t","a","t","t","a","t","g","c","a","c","a","c","c","g","c","c","g","c","g","c","c"
1,"t","t","g","t","c","a","t","a","a","t","c","g","a","c","t","t","g","t","a","a","a","c","c","a","a","a","t","t","g","a","a","a","a","g","a","t","t","t","a","g","g","t","t","t","a","c","a","a","g","t","c","t","a","c","a","c","c"
1,"a","c","c","g","g","a","a","g","a","a","a","a","c","c","g","t","g","a","c","a","t","t","t","t","a","a","c","a","c","g","t","t","t","g","t","t","a","c","a","a","g","g","t","a","a","a","g","g","c","g","a","c","g","c","c","g","c"
1,"a","a","a","a","a","c","g","t","c","a","t","c","g","c","t","t","g","c","a","t","t","a","g","a","a","a","g","g","t","t","t","c","t","g","g","c","c","g","a","c","c","t","t","a","t","a","a","c","c","a","t","t","a","a","t","t","a"
1,"t","t","t","a","t","a","t","t","t","t","t","c","g","c","t","t","g","t","c","a","g","g","c","c","g","g","a","a","t","a","a","c","t","c","c","c","t","a","t","a","a","t","g","c","g","c","c","a","c","c","a","c","t","g","a","c","a"
1,"a","t","g","c","g","c","a","a","c","g","c","g","g","g","g","t","g","a","c","a","a","g","g","g","c","g","c","g","c","a","a","a","c","c","c","t","c","t","a","t","a","c","t","g","c","g","c","g","c","c","g","a","a","g","c","t","g"
1,"t","c","g","t","t","g","t","a","t","a","t","t","t","c","t","t","g","a","c","a","c","c","t","t","t","t","c","g","g","c","a","t","c","g","c","c","c","t","a","a","a","a","t","t","c","g","g","c","g","t","c","c","t","c","a","t","a"
1,"a","t","t","a","c","a","a","a","a","a","g","t","g","c","t","t","t","c","t","g","a","a","c","t","g","a","a","c","a","a","a","a","a","a","g","a","g","t","a","a","a","g","t","t","a","g","t","c","g","c","g","t","a","g","g","g","t"
1,"t","g","c","t","a","t","c","c","t","g","a","c","a","g","t","t","g","t","c","a","c","g","c","t","g","a","t","t","g","g","t","g","t","c","g","t","t","a","c","a","a","t","c","t","a","a","c","g","c","a","t","c","g","c","c","a","a"
1,"c","c","t","t","g","a","a","a","a","a","g","a","g","g","t","t","g","a","c","g","c","t","g","c","a","a","g","g","c","t","c","t","a","t","a","c","g","c","a","t","a","a","t","g","c","g","c","c","c","c","g","c","a","a","c","g","c"
1,"g","a","t","c","g","c","a","c","g","a","t","c","t","g","t","a","t","a","c","t","t","a","t","t","t","g","a","g","t","a","a","a","t","t","a","a","c","c","c","a","c","g","a","t","c","c","c","a","g","c","c","a","t","t","c","t","t"
1,"c","a","t","c","c","t","c","g","c","a","c","c","a","g","t","c","g","a","c","g","a","c","g","g","t","t","t","a","c","g","c","t","t","t","a","c","g","t","a","t","a","g","t","g","g","c","g","a","c","a","a","t","t","t","t","t","t"
1,"a","a","a","t","t","a","a","a","a","t","t","t","t","a","t","t","g","a","c","t","t","a","g","g","t","c","a","c","t","a","a","a","t","a","c","t","t","t","a","a","c","c","a","a","t","a","t","a","g","g","c","a","t","a","g","c","g"
0,"c","g","a","a","c","g","a","g","t","c","a","a","t","c","a","g","a","c","c","g","c","t","t","t","g","a","c","t","c","t","g","g","t","a","t","t","a","c","t","g","t","g","a","a","c","a","t","t","a","t","t","c","g","t","c","t","c"
0,"c","a","t","g","t","c","a","g","c","c","t","c","g","a","c","a","a","c","t","t","g","c","a","t","a","a","a","t","g","c","t","t","t","c","t","t","g","t","a","g","a","c","g","t","g","c","c","c","t","a","c","g","c","g","c","t","t"
0,"g","a","g","g","t","g","g","c","t","a","t","g","t","g","t","a","t","g","a","c","c","g","a","a","c","g","a","g","t","c","a","a","t","c","a","g","a","c","c","g","c","t","t","t","g","a","c","t","c","t","g","g","t","a","t","t","a"
0,"c","c","t","c","a","a","t","g","g","c","c","t","c","t","a","a","a","c","g","g","g","t","c","t","t","g","a","g","g","g","g","t","t","t","t","t","t","g","c","t","g","a","a","a","g","g","a","g","g","a","a","c","t","a","t","a","t"
0,"c","a","g","c","g","g","c","a","g","c","a","c","g","t","t","t","c","c","a","c","g","c","g","g","t","g","a","g","a","g","c","c","t","c","a","g","g","a","t","t","c","a","t","g","t","c","g","a","t","g","t","c","t","t","c","c","g"
0,"t","a","t","t","c","g","t","c","t","c","c","g","c","g","a","c","t","a","c","g","a","t","g","a","g","a","t","g","c","c","t","g","a","g","t","g","c","t","t","c","c","g","t","t","a","c","t","g","g","a","t","t","g","t","c","a","c"
0,"c","a","a","t","g","g","c","c","t","c","t","a","a","a","c","g","g","g","t","c","t","t","g","a","g","g","g","g","t","t","t","t","t","t","g","c","t","g","a","a","a","g","g","a","g","g","a","a","c","t","a","t","a","t","g","c","g"
0,"a","g","g","c","a","t","g","t","a","a","a","c","g","t","c","t","t","c","g","t","a","g","c","g","c","a","t","c","a","g","t","g","c","t","t","t","c","t","t","a","c","t","g","t","g","a","g","t","a","c","g","c","a","c","c","a","g"
0,"c","g","a","c","c","g","a","a","g","c","g","a","g","c","c","t","c","g","t","c","c","t","c","a","a","t","g","g","c","c","t","c","t","a","a","a","c","g","g","g","t","c","t","t","g","a","g","g","g","g","t","t","t","t","t","t","g"
0,"t","c","t","c","g","t","g","g","a","t","g","g","a","c","g","t","t","c","a","a","c","a","t","t","g","a","g","g","a","a","g","g","c","a","t","a","a","c","g","c","t","a","c","t","a","c","c","t","g","a","t","g","t","t","t","a","c"
0,"a","a","c","t","c","a","a","g","g","c","t","g","a","t","a","c","g","g","c","g","a","g","a","c","t","t","g","c","g","a","g","c","c","t","t","g","t","c","c","t","t","g","c","g","g","t","a","c","a","c","a","g","c","a","g","c","g"
0,"g","a","g","a","g","c","a","t","g","t","c","a","g","c","c","t","c","g","a","c","a","a","c","t","t","g","c","a","t","a","a","a","t","g","c","t","t","t","c","t","t","g","t","a","g","a","c","g","t","g","c","c","c","t","a","c","g"
0,"a","g","a","g","g","g","t","g","t","a","c","t","c","c","a","a","g","a","a","g","a","g","g","a","a","g","a","t","g","a","g","g","c","t","a","g","a","c","g","t","c","t","c","t","g","c","a","t","g","g","a","g","t","a","t","g","a"
0,"g","a","a","g","a","c","c","a","c","g","c","c","t","c","g","c","c","a","c","c","g","a","g","t","a","g","a","c","c","c","t","t","a","g","a","g","a","g","c","a","t","g","t","c","a","g","c","c","t","c","g","a","c","a","a","c","t"
0,"g","c","g","g","c","a","g","c","a","c","g","t","t","t","c","c","a","c","g","c","g","g","t","g","a","g","a","g","c","c","t","c","a","g","g","a","t","t","c","a","t","g","t","c","g","a","t","g","t","c","t","t","c","c","g","g","t"
0,"g","t","a","t","t","c","t","c","a","a","c","a","a","g","a","t","t","a","a","c","c","g","a","c","a","g","a","t","t","c","a","a","t","c","t","c","g","t","g","g","a","t","g","g","a","c","g","t","t","c","a","a","c","a","t","t","g"
0,"t","t","a","c","g","t","t","g","g","c","g","a","c","c","g","c","t","a","g","g","a","c","t","t","t","c","t","t","g","t","t","g","a","t","t","t","t","c","c","a","t","g","c","g","g","t","g","t","t","t","t","g","c","g","c","a","a"
0,"t","a","t","t","c","t","c","a","a","c","a","a","g","a","t","t","a","a","c","c","g","a","c","a","g","a","t","t","c","a","a","t","c","t","c","g","t","g","g","a","t","g","g","a","c","g","t","t","c","a","a","c","a","t","t","g","a"
0,"t","g","c","t","g","a","a","a","g","g","a","g","g","a","a","c","t","a","t","a","t","g","c","g","c","t","c","a","t","a","c","g","a","t","a","t","g","a","a","c","g","t","t","g","a","g","a","c","t","g","c","c","g","c","t","g","a"
0,"g","g","t","g","t","t","t","t","g","c","g","c","a","a","t","g","t","t","a","a","t","c","g","c","t","t","t","g","t","a","c","a","c","c","t","c","a","g","g","c","a","t","g","t","a","a","a","c","g","t","c","t","t","c","g","t","a"
0,"t","c","t","c","a","a","c","a","a","g","a","t","t","a","a","c","c","g","a","c","a","g","a","t","t","c","a","a","t","c","t","c","g","t","g","g","a","t","g","g","a","c","g","t","t","c","a","a","c","a","t","t","g","a","g","g","a"
0,"a","a","c","c","a","t","t","c","c","g","g","t","t","g","a","c","t","c","a","a","t","g","a","g","c","a","t","c","t","c","g","a","t","g","c","a","g","c","g","t","a","c","t","c","c","t","a","c","a","t","g","a","a","t","a","g","a"
0,"c","a","t","g","a","a","c","t","c","a","a","g","g","c","t","g","a","t","a","c","g","g","c","g","a","g","a","c","t","t","g","c","g","a","g","c","c","t","t","g","t","c","c","t","t","g","c","g","g","t","a","c","a","c","a","g","c"
0,"g","c","c","a","a","t","c","a","a","t","c","a","a","g","a","a","c","t","t","g","a","a","g","g","g","t","g","g","t","a","t","c","a","g","c","c","a","a","c","a","g","c","c","t","g","a","c","a","t","c","c","t","t","c","g","t","t"
0,"a","t","a","g","t","c","t","c","a","g","a","g","t","c","t","t","g","a","c","c","t","a","c","t","a","c","g","c","c","a","g","c","a","t","t","t","t","g","g","c","g","g","t","g","t","a","a","g","c","t","a","a","c","c","a","t","t"
0,"t","g","t","t","g","a","t","t","t","t","c","c","a","t","g","c","g","g","t","g","t","t","t","t","g","c","g","c","a","a","t","g","t","t","a","a","t","c","g","c","t","t","t","g","t","a","c","a","c","c","t","c","a","g","g","c","a"
0,"a","g","a","c","g","t","c","t","c","t","g","c","a","t","g","g","a","g","t","a","t","g","a","g","a","t","g","g","a","c","t","a","c","g","g","t","g","g","g","t","a","c","a","a","t","a","t","g","c","t","g","g","a","t","g","g","a"
0,"a","t","c","c","c","t","a","a","t","g","t","c","t","a","c","t","t","c","c","g","g","t","c","a","a","t","c","c","a","t","c","t","a","c","g","t","t","a","a","c","c","g","a","g","g","t","g","g","c","t","a","t","g","t","g","t","a"
0,"t","a","a","c","a","t","t","a","a","t","a","a","a","t","a","a","g","g","a","g","g","c","t","c","t","a","a","t","g","g","c","a","c","t","c","a","t","t","a","g","c","c","a","a","t","c","a","a","t","c","a","a","g","a","a","c","t"
0,"c","g","c","g","a","c","t","a","c","g","a","t","g","a","g","a","t","g","c","c","t","g","a","g","t","g","c","t","t","c","c","g","t","t","a","c","t","g","g","a","t","t","g","t","c","a","c","c","a","a","g","g","c","t","t","c","c"
0,"t","t","a","c","t","g","t","g","a","a","c","a","t","t","a","t","t","c","g","t","c","t","c","c","g","c","g","a","c","t","a","c","g","a","t","g","a","g","a","t","g","c","c","t","g","a","g","t","g","c","t","t","c","c","g","t","t"
0,"t","t","c","g","t","c","t","c","c","g","c","g","a","c","t","a","c","g","a","t","g","a","g","a","t","g","c","c","t","g","a","g","t","g","c","t","t","c","c","g","t","t","a","c","t","g","g","a","t","t","g","t","c","a","c","c","a"
0,"t","g","g","a","t","g","g","a","c","g","t","t","c","a","a","c","a","t","t","g","a","g","g","a","a","g","g","c","a","t","a","a","c","g","c","t","a","c","t","a","c","c","t","g","a","t","g","t","t","t","a","c","t","c","c","a","a"
0,"t","g","g","c","g","t","c","t","a","t","c","g","g","t","g","a","a","c","c","t","c","c","g","g","t","a","t","c","a","a","c","g","c","t","g","g","a","a","g","g","t","g","a","c","g","c","t","a","a","c","g","c","a","g","a","t","g"
0,"a","g","g","a","g","g","a","a","c","t","a","c","g","c","a","a","g","g","t","t","g","g","a","a","c","a","t","c","g","g","a","g","a","g","a","t","g","c","c","a","g","c","c","a","g","c","g","c","a","c","c","t","g","c","a","c","g"
0,"t","a","t","g","a","c","c","g","a","a","c","g","a","g","t","c","a","a","t","c","a","g","a","c","c","g","c","t","t","t","g","a","c","t","c","t","g","g","t","a","t","t","a","c","t","g","t","g","a","a","c","a","t","t","a","t","t"
0,"a","a","c","g","a","g","t","c","a","a","t","c","a","g","a","c","c","g","c","t","t","t","g","a","c","t","c","t","g","g","t","a","t","t","a","c","t","g","t","g","a","a","c","a","t","t","a","t","t","c","g","t","c","t","c","c","g"
0,"c","c","g","a","g","t","a","g","a","c","c","c","t","t","a","g","a","g","a","g","c","a","t","g","t","c","a","g","c","c","t","c","g","a","c","a","a","c","t","t","g","c","a","t","a","a","a","t","g","c","t","t","t","c","t","t","g"
0,"t","a","t","t","g","g","c","t","t","g","c","t","c","a","a","g","c","a","t","g","a","a","c","t","c","a","a","g","g","c","t","g","a","t","a","c","g","g","c","g","a","g","a","c","t","t","g","c","g","a","g","c","c","t","t","g","t"
0,"c","t","a","t","a","t","g","c","g","c","t","c","a","t","a","c","g","a","t","a","t","g","a","a","c","g","t","t","g","a","g","a","c","t","g","c","c","g","c","t","g","a","g","t","t","a","t","c","a","g","c","t","g","t","g","a","a"
0,"a","a","g","t","g","c","t","t","a","g","c","t","t","c","a","a","g","g","t","c","a","c","g","g","a","t","a","c","g","a","c","c","g","a","a","g","c","g","a","g","c","c","t","c","g","t","c","c","t","c","a","a","t","g","g","c","c"
0,"a","c","g","c","t","a","a","c","g","c","a","g","a","t","g","c","a","g","c","g","a","a","c","g","c","t","c","g","g","c","g","t","a","t","t","c","t","c","a","a","c","a","a","g","a","t","t","a","a","c","c","g","a","c","a","g","a"
0,"c","g","t","a","g","c","g","c","a","t","c","a","g","t","g","c","t","t","t","c","t","t","a","c","t","g","t","g","a","g","t","a","c","g","c","a","c","c","a","g","c","g","c","c","a","g","a","g","g","a","c","g","a","c","g","a","c"
0,"c","g","c","t","a","g","g","a","c","t","t","t","c","t","t","g","t","t","g","a","t","t","t","t","c","c","a","t","g","c","g","g","t","g","t","t","t","t","g","c","g","c","a","a","t","g","t","t","a","a","t","c","g","c","t","t","t"
0,"c","g","t","c","t","a","t","c","g","g","t","g","a","a","c","c","t","c","c","g","g","t","a","t","c","a","a","c","g","c","t","g","g","a","a","g","g","t","g","a","c","g","c","t","a","a","c","g","c","a","g","a","t","g","c","a","g"
0,"t","g","a","a","g","t","g","c","t","t","a","g","c","t","t","c","a","a","g","g","t","c","a","c","g","g","a","t","a","c","g","a","c","c","g","a","a","g","c","g","a","g","c","c","t","c","g","t","c","c","t","c","a","a","t","g","g"
0,"t","g","c","a","c","g","g","g","t","t","g","c","g","a","t","a","g","c","c","t","c","a","g","c","g","t","a","t","t","c","a","g","g","t","g","c","g","a","g","t","t","c","g","a","t","a","g","t","c","t","c","a","g","a","g","t","c"
0,"t","t","a","g","a","g","a","g","c","a","t","g","t","c","a","g","c","c","t","c","g","a","c","a","a","c","t","t","g","c","a","t","a","a","a","t","g","c","t","t","t","c","t","t","g","t","a","g","a","c","g","t","g","c","c","c","t"
0,"c","t","c","g","t","c","c","t","c","a","a","t","g","g","c","c","t","c","t","a","a","a","c","g","g","g","t","c","t","t","g","a","g","g","g","g","t","t","t","t","t","t","g","c","t","g","a","a","a","g","g","a","g","g","a","a","c"
0,"t","a","g","a","g","g","g","t","g","t","a","c","t","c","c","a","a","g","a","a","g","a","g","g","a","a","g","a","t","g","a","g","g","c","t","a","g","a","c","g","t","c","t","c","t","g","c","a","t","g","g","a","g","t","a","t","g"
0,"t","t","g","a","c","c","t","a","c","t","a","c","g","c","c","a","g","c","a","t","t","t","t","g","g","c","g","g","t","g","t","a","a","g","c","t","a","a","c","c","a","t","t","c","c","g","g","t","t","g","a","c","t","c","a","a","t"
0,"c","t","a","c","g","g","t","g","g","g","t","a","c","a","a","t","a","t","g","c","t","g","g","a","t","g","g","a","g","a","t","g","c","g","t","t","c","a","c","t","t","c","t","g","g","t","c","t","a","c","t","g","a","c","t","c","g"
0,"a","t","a","t","g","a","a","c","g","t","t","g","a","g","a","c","t","g","c","c","g","c","t","g","a","g","t","t","a","t","c","a","g","c","t","g","t","g","a","a","c","g","a","c","a","t","t","c","t","g","g","c","g","t","c","t","a"
