"year","yearmonthf","monthf","week","monthweek","weekdayf","VIX.Close"
2012,"Jan 2012","Jan",1,1,"Tue",22.969999
2012,"Jan 2012","Jan",1,1,"Wed",22.219999
2012,"Jan 2012","Jan",1,1,"Thu",21.48
2012,"Jan 2012","Jan",1,1,"Fri",20.629999
2012,"Jan 2012","Jan",2,2,"Mon",21.07
2012,"Jan 2012","Jan",2,2,"Tue",20.690001
2012,"Jan 2012","Jan",2,2,"Wed",21.049999
2012,"Jan 2012","Jan",2,2,"Thu",20.469999
2012,"Jan 2012","Jan",2,2,"Fri",20.91
2012,"Jan 2012","Jan",3,3,"Tue",22.200001
2012,"Jan 2012","Jan",3,3,"Wed",20.889999
2012,"Jan 2012","Jan",3,3,"Thu",19.870001
2012,"Jan 2012","Jan",3,3,"Fri",18.280001
2012,"Jan 2012","Jan",4,4,"Mon",18.67
2012,"Jan 2012","Jan",4,4,"Tue",18.91
2012,"Jan 2012","Jan",4,4,"Wed",18.309999
2012,"Jan 2012","Jan",4,4,"Thu",18.57
2012,"Jan 2012","Jan",4,4,"Fri",18.530001
2012,"Jan 2012","Jan",5,5,"Mon",19.4
2012,"Jan 2012","Jan",5,5,"Tue",19.440001
2012,"Feb 2012","Feb",5,1,"Wed",18.549999
2012,"Feb 2012","Feb",5,1,"Thu",17.98
2012,"Feb 2012","Feb",5,1,"Fri",17.1
2012,"Feb 2012","Feb",6,2,"Mon",17.76
2012,"Feb 2012","Feb",6,2,"Tue",17.67
2012,"Feb 2012","Feb",6,2,"Wed",18.16
2012,"Feb 2012","Feb",6,2,"Thu",18.629999
2012,"Feb 2012","Feb",6,2,"Fri",20.77
2012,"Feb 2012","Feb",7,3,"Mon",19.040001
2012,"Feb 2012","Feb",7,3,"Tue",19.540001
2012,"Feb 2012","Feb",7,3,"Wed",21.139999
2012,"Feb 2012","Feb",7,3,"Thu",19.219999
2012,"Feb 2012","Feb",7,3,"Fri",17.780001
2012,"Feb 2012","Feb",8,4,"Tue",18.190001
2012,"Feb 2012","Feb",8,4,"Wed",18.190001
2012,"Feb 2012","Feb",8,4,"Thu",16.83
2012,"Feb 2012","Feb",8,4,"Fri",17.309999
2012,"Feb 2012","Feb",9,5,"Mon",18.18
2012,"Feb 2012","Feb",9,5,"Tue",17.950001
2012,"Feb 2012","Feb",9,5,"Wed",18.43
2012,"Mar 2012","Mar",9,1,"Thu",17.26
2012,"Mar 2012","Mar",9,1,"Fri",17.290001
2012,"Mar 2012","Mar",10,2,"Mon",18.049999
2012,"Mar 2012","Mar",10,2,"Tue",20.84
2012,"Mar 2012","Mar",10,2,"Wed",19.07
2012,"Mar 2012","Mar",10,2,"Thu",18.02
2012,"Mar 2012","Mar",10,2,"Fri",17.110001
2012,"Mar 2012","Mar",11,3,"Mon",15.64
2012,"Mar 2012","Mar",11,3,"Tue",14.73
2012,"Mar 2012","Mar",11,3,"Wed",15.31
2012,"Mar 2012","Mar",11,3,"Thu",15.43
2012,"Mar 2012","Mar",11,3,"Fri",14.43
2012,"Mar 2012","Mar",12,4,"Mon",15.04
2012,"Mar 2012","Mar",12,4,"Tue",15.58
2012,"Mar 2012","Mar",12,4,"Wed",15.13
2012,"Mar 2012","Mar",12,4,"Thu",15.68
2012,"Mar 2012","Mar",12,4,"Fri",14.82
2012,"Mar 2012","Mar",13,5,"Mon",14.26
2012,"Mar 2012","Mar",13,5,"Tue",15.57
2012,"Mar 2012","Mar",13,5,"Wed",15.47
2012,"Mar 2012","Mar",13,5,"Thu",15.48
2012,"Mar 2012","Mar",13,5,"Fri",15.5
2012,"Apr 2012","Apr",14,1,"Mon",15.64
2012,"Apr 2012","Apr",14,1,"Tue",15.66
2012,"Apr 2012","Apr",14,1,"Wed",16.42
2012,"Apr 2012","Apr",14,1,"Thu",16.700001
2012,"Apr 2012","Apr",15,2,"Mon",18.809999
2012,"Apr 2012","Apr",15,2,"Tue",20.389999
2012,"Apr 2012","Apr",15,2,"Wed",20.02
2012,"Apr 2012","Apr",15,2,"Thu",17.200001
2012,"Apr 2012","Apr",15,2,"Fri",19.549999
2012,"Apr 2012","Apr",16,3,"Mon",19.549999
2012,"Apr 2012","Apr",16,3,"Tue",18.459999
2012,"Apr 2012","Apr",16,3,"Wed",18.639999
2012,"Apr 2012","Apr",16,3,"Thu",18.360001
2012,"Apr 2012","Apr",16,3,"Fri",17.440001
2012,"Apr 2012","Apr",17,4,"Mon",18.969999
2012,"Apr 2012","Apr",17,4,"Tue",18.1
2012,"Apr 2012","Apr",17,4,"Wed",16.82
2012,"Apr 2012","Apr",17,4,"Thu",16.24
2012,"Apr 2012","Apr",17,4,"Fri",16.32
2012,"Apr 2012","Apr",18,5,"Mon",17.15
2012,"May 2012","May",18,1,"Tue",16.6
2012,"May 2012","May",18,1,"Wed",16.879999
2012,"May 2012","May",18,1,"Thu",17.559999
2012,"May 2012","May",18,1,"Fri",19.16
2012,"May 2012","May",19,2,"Mon",18.940001
2012,"May 2012","May",19,2,"Tue",19.049999
2012,"May 2012","May",19,2,"Wed",20.08
2012,"May 2012","May",19,2,"Thu",18.83
2012,"May 2012","May",19,2,"Fri",19.889999
2012,"May 2012","May",20,3,"Mon",21.870001
2012,"May 2012","May",20,3,"Tue",21.969999
2012,"May 2012","May",20,3,"Wed",22.27
2012,"May 2012","May",20,3,"Thu",24.49
2012,"May 2012","May",20,3,"Fri",25.1
2012,"May 2012","May",21,4,"Mon",22.01
2012,"May 2012","May",21,4,"Tue",22.48
2012,"May 2012","May",21,4,"Wed",22.33
2012,"May 2012","May",21,4,"Thu",21.540001
2012,"May 2012","May",21,4,"Fri",21.76
2012,"May 2012","May",22,5,"Tue",21.030001
2012,"May 2012","May",22,5,"Wed",24.139999
2012,"May 2012","May",22,5,"Thu",24.059999
2012,"Jun 2012","Jun",22,1,"Fri",26.66
2012,"Jun 2012","Jun",23,2,"Mon",26.120001
2012,"Jun 2012","Jun",23,2,"Tue",24.68
2012,"Jun 2012","Jun",23,2,"Wed",22.16
2012,"Jun 2012","Jun",23,2,"Thu",21.719999
2012,"Jun 2012","Jun",23,2,"Fri",21.23
2012,"Jun 2012","Jun",24,3,"Mon",23.559999
2012,"Jun 2012","Jun",24,3,"Tue",22.09
2012,"Jun 2012","Jun",24,3,"Wed",24.27
2012,"Jun 2012","Jun",24,3,"Thu",21.68
2012,"Jun 2012","Jun",24,3,"Fri",21.110001
2012,"Jun 2012","Jun",25,4,"Mon",18.32
2012,"Jun 2012","Jun",25,4,"Tue",18.379999
2012,"Jun 2012","Jun",25,4,"Wed",17.24
2012,"Jun 2012","Jun",25,4,"Thu",20.08
2012,"Jun 2012","Jun",25,4,"Fri",18.110001
2012,"Jun 2012","Jun",26,5,"Mon",20.379999
2012,"Jun 2012","Jun",26,5,"Tue",19.719999
2012,"Jun 2012","Jun",26,5,"Wed",19.450001
2012,"Jun 2012","Jun",26,5,"Thu",19.709999
2012,"Jun 2012","Jun",26,5,"Fri",17.08
2012,"Jul 2012","Jul",27,1,"Mon",16.799999
2012,"Jul 2012","Jul",27,1,"Tue",16.66
2012,"Jul 2012","Jul",27,1,"Thu",17.5
2012,"Jul 2012","Jul",27,1,"Fri",17.1
2012,"Jul 2012","Jul",28,2,"Mon",18.049999
2012,"Jul 2012","Jul",28,2,"Tue",18.719999
2012,"Jul 2012","Jul",28,2,"Wed",17.950001
2012,"Jul 2012","Jul",28,2,"Thu",18.360001
2012,"Jul 2012","Jul",28,2,"Fri",16.74
2012,"Jul 2012","Jul",29,3,"Mon",17.110001
2012,"Jul 2012","Jul",29,3,"Tue",16.48
2012,"Jul 2012","Jul",29,3,"Wed",16.16
2012,"Jul 2012","Jul",29,3,"Thu",15.45
2012,"Jul 2012","Jul",29,3,"Fri",16.27
2012,"Jul 2012","Jul",30,4,"Mon",18.620001
2012,"Jul 2012","Jul",30,4,"Tue",20.469999
2012,"Jul 2012","Jul",30,4,"Wed",19.34
2012,"Jul 2012","Jul",30,4,"Thu",17.530001
2012,"Jul 2012","Jul",30,4,"Fri",16.700001
2012,"Jul 2012","Jul",31,5,"Mon",18.030001
2012,"Jul 2012","Jul",31,5,"Tue",18.93
2012,"Aug 2012","Aug",31,1,"Wed",18.959999
2012,"Aug 2012","Aug",31,1,"Thu",17.57
2012,"Aug 2012","Aug",31,1,"Fri",15.64
2012,"Aug 2012","Aug",32,2,"Mon",15.95
2012,"Aug 2012","Aug",32,2,"Tue",15.99
2012,"Aug 2012","Aug",32,2,"Wed",15.32
2012,"Aug 2012","Aug",32,2,"Thu",15.28
2012,"Aug 2012","Aug",32,2,"Fri",14.74
2012,"Aug 2012","Aug",33,3,"Mon",13.7
2012,"Aug 2012","Aug",33,3,"Tue",14.85
2012,"Aug 2012","Aug",33,3,"Wed",14.63
2012,"Aug 2012","Aug",33,3,"Thu",14.29
2012,"Aug 2012","Aug",33,3,"Fri",13.45
2012,"Aug 2012","Aug",34,4,"Mon",14.02
2012,"Aug 2012","Aug",34,4,"Tue",15.02
2012,"Aug 2012","Aug",34,4,"Wed",15.11
2012,"Aug 2012","Aug",34,4,"Thu",15.96
2012,"Aug 2012","Aug",34,4,"Fri",15.18
2012,"Aug 2012","Aug",35,5,"Mon",16.35
2012,"Aug 2012","Aug",35,5,"Tue",16.49
2012,"Aug 2012","Aug",35,5,"Wed",17.059999
2012,"Aug 2012","Aug",35,5,"Thu",17.83
2012,"Aug 2012","Aug",35,5,"Fri",17.469999
2012,"Sep 2012","Sep",36,1,"Tue",17.98
2012,"Sep 2012","Sep",36,1,"Wed",17.74
2012,"Sep 2012","Sep",36,1,"Thu",15.63
2012,"Sep 2012","Sep",36,1,"Fri",14.38
2012,"Sep 2012","Sep",37,2,"Mon",16.280001
2012,"Sep 2012","Sep",37,2,"Tue",16.41
2012,"Sep 2012","Sep",37,2,"Wed",15.8
2012,"Sep 2012","Sep",37,2,"Thu",14.05
2012,"Sep 2012","Sep",37,2,"Fri",14.51
2012,"Sep 2012","Sep",38,3,"Mon",14.59
2012,"Sep 2012","Sep",38,3,"Tue",14.18
2012,"Sep 2012","Sep",38,3,"Wed",13.88
2012,"Sep 2012","Sep",38,3,"Thu",14.07
2012,"Sep 2012","Sep",38,3,"Fri",13.98
2012,"Sep 2012","Sep",39,4,"Mon",14.15
2012,"Sep 2012","Sep",39,4,"Tue",15.43
2012,"Sep 2012","Sep",39,4,"Wed",16.809999
2012,"Sep 2012","Sep",39,4,"Thu",14.84
2012,"Sep 2012","Sep",39,4,"Fri",15.73
2012,"Oct 2012","Oct",40,1,"Mon",16.32
2012,"Oct 2012","Oct",40,1,"Tue",15.71
2012,"Oct 2012","Oct",40,1,"Wed",15.43
2012,"Oct 2012","Oct",40,1,"Thu",14.55
2012,"Oct 2012","Oct",40,1,"Fri",14.33
2012,"Oct 2012","Oct",41,2,"Mon",15.11
2012,"Oct 2012","Oct",41,2,"Tue",16.370001
2012,"Oct 2012","Oct",41,2,"Wed",16.290001
2012,"Oct 2012","Oct",41,2,"Thu",15.59
2012,"Oct 2012","Oct",41,2,"Fri",16.139999
2012,"Oct 2012","Oct",42,3,"Mon",15.27
2012,"Oct 2012","Oct",42,3,"Tue",15.22
2012,"Oct 2012","Oct",42,3,"Wed",15.07
2012,"Oct 2012","Oct",42,3,"Thu",15.03
2012,"Oct 2012","Oct",42,3,"Fri",16.969999
2012,"Oct 2012","Oct",43,4,"Mon",16.620001
2012,"Oct 2012","Oct",43,4,"Tue",18.83
2012,"Oct 2012","Oct",43,4,"Wed",18.33
2012,"Oct 2012","Oct",43,4,"Thu",18.120001
2012,"Oct 2012","Oct",43,4,"Fri",17.809999
2012,"Oct 2012","Oct",44,5,"Wed",18.6
2012,"Nov 2012","Nov",44,1,"Thu",16.690001
2012,"Nov 2012","Nov",44,1,"Fri",17.59
2012,"Nov 2012","Nov",45,2,"Mon",18.42
2012,"Nov 2012","Nov",45,2,"Tue",17.58
2012,"Nov 2012","Nov",45,2,"Wed",19.08
2012,"Nov 2012","Nov",45,2,"Thu",18.49
2012,"Nov 2012","Nov",45,2,"Fri",18.610001
2012,"Nov 2012","Nov",46,3,"Mon",16.68
2012,"Nov 2012","Nov",46,3,"Tue",16.65
2012,"Nov 2012","Nov",46,3,"Wed",17.92
2012,"Nov 2012","Nov",46,3,"Thu",17.99
2012,"Nov 2012","Nov",46,3,"Fri",16.41
2012,"Nov 2012","Nov",47,4,"Mon",15.24
2012,"Nov 2012","Nov",47,4,"Tue",15.08
2012,"Nov 2012","Nov",47,4,"Wed",15.31
2012,"Nov 2012","Nov",47,4,"Fri",15.14
2012,"Nov 2012","Nov",48,5,"Mon",15.5
2012,"Nov 2012","Nov",48,5,"Tue",15.92
2012,"Nov 2012","Nov",48,5,"Wed",15.51
2012,"Nov 2012","Nov",48,5,"Thu",15.06
2012,"Nov 2012","Nov",48,5,"Fri",15.87
2012,"Dec 2012","Dec",49,1,"Mon",16.639999
2012,"Dec 2012","Dec",49,1,"Tue",17.120001
2012,"Dec 2012","Dec",49,1,"Wed",16.459999
2012,"Dec 2012","Dec",49,1,"Thu",16.58
2012,"Dec 2012","Dec",49,1,"Fri",15.87
2012,"Dec 2012","Dec",50,2,"Mon",16.049999
2012,"Dec 2012","Dec",50,2,"Tue",15.57
2012,"Dec 2012","Dec",50,2,"Wed",15.95
2012,"Dec 2012","Dec",50,2,"Thu",16.559999
2012,"Dec 2012","Dec",50,2,"Fri",16.99
2012,"Dec 2012","Dec",51,3,"Mon",16.34
2012,"Dec 2012","Dec",51,3,"Tue",15.57
2012,"Dec 2012","Dec",51,3,"Wed",17.360001
2012,"Dec 2012","Dec",51,3,"Thu",17.67
2012,"Dec 2012","Dec",51,3,"Fri",17.84
2012,"Dec 2012","Dec",52,4,"Mon",17.84
2012,"Dec 2012","Dec",52,4,"Wed",19.48
2012,"Dec 2012","Dec",52,4,"Thu",19.469999
2012,"Dec 2012","Dec",52,4,"Fri",21.790001
2012,"Dec 2012","Dec",53,5,"Mon",18.02
2013,"Jan 2013","Jan",0,1,"Wed",14.68
2013,"Jan 2013","Jan",0,1,"Thu",14.56
2013,"Jan 2013","Jan",0,1,"Fri",13.83
2013,"Jan 2013","Jan",1,2,"Mon",13.79
2013,"Jan 2013","Jan",1,2,"Tue",13.62
2013,"Jan 2013","Jan",1,2,"Wed",13.81
2013,"Jan 2013","Jan",1,2,"Thu",13.49
2013,"Jan 2013","Jan",1,2,"Fri",13.36
2013,"Jan 2013","Jan",2,3,"Mon",13.52
2013,"Jan 2013","Jan",2,3,"Tue",13.55
2013,"Jan 2013","Jan",2,3,"Wed",13.42
2013,"Jan 2013","Jan",2,3,"Thu",13.57
2013,"Jan 2013","Jan",2,3,"Fri",12.46
2013,"Jan 2013","Jan",3,4,"Tue",12.43
2013,"Jan 2013","Jan",3,4,"Wed",12.46
2013,"Jan 2013","Jan",3,4,"Thu",12.69
2013,"Jan 2013","Jan",3,4,"Fri",12.89
2013,"Jan 2013","Jan",4,5,"Mon",13.57
2013,"Jan 2013","Jan",4,5,"Tue",13.31
2013,"Jan 2013","Jan",4,5,"Wed",14.32
2013,"Jan 2013","Jan",4,5,"Thu",14.38
2013,"Feb 2013","Feb",4,1,"Fri",12.9
2013,"Feb 2013","Feb",5,2,"Mon",14.67
2013,"Feb 2013","Feb",5,2,"Tue",13.72
2013,"Feb 2013","Feb",5,2,"Wed",13.41
2013,"Feb 2013","Feb",5,2,"Thu",13.5
2013,"Feb 2013","Feb",5,2,"Fri",13.02
2013,"Feb 2013","Feb",6,3,"Mon",12.94
2013,"Feb 2013","Feb",6,3,"Tue",12.64
2013,"Feb 2013","Feb",6,3,"Wed",12.98
2013,"Feb 2013","Feb",6,3,"Thu",12.66
2013,"Feb 2013","Feb",6,3,"Fri",12.46
2013,"Feb 2013","Feb",7,4,"Tue",12.31
2013,"Feb 2013","Feb",7,4,"Wed",14.68
2013,"Feb 2013","Feb",7,4,"Thu",15.22
2013,"Feb 2013","Feb",7,4,"Fri",14.17
2013,"Feb 2013","Feb",8,5,"Mon",18.99
2013,"Feb 2013","Feb",8,5,"Tue",16.870001
2013,"Feb 2013","Feb",8,5,"Wed",14.73
2013,"Feb 2013","Feb",8,5,"Thu",15.51
2013,"Mar 2013","Mar",8,1,"Fri",15.36
2013,"Mar 2013","Mar",9,2,"Mon",14.01
2013,"Mar 2013","Mar",9,2,"Tue",13.48
2013,"Mar 2013","Mar",9,2,"Wed",13.53
2013,"Mar 2013","Mar",9,2,"Thu",13.06
2013,"Mar 2013","Mar",9,2,"Fri",12.59
2013,"Mar 2013","Mar",10,3,"Mon",11.56
2013,"Mar 2013","Mar",10,3,"Tue",12.27
2013,"Mar 2013","Mar",10,3,"Wed",11.83
2013,"Mar 2013","Mar",10,3,"Thu",11.3
2013,"Mar 2013","Mar",10,3,"Fri",11.3
2013,"Mar 2013","Mar",11,4,"Mon",13.36
2013,"Mar 2013","Mar",11,4,"Tue",14.39
2013,"Mar 2013","Mar",11,4,"Wed",12.67
2013,"Mar 2013","Mar",11,4,"Thu",13.99
2013,"Mar 2013","Mar",11,4,"Fri",13.57
2013,"Mar 2013","Mar",12,5,"Mon",13.74
2013,"Mar 2013","Mar",12,5,"Tue",12.77
2013,"Mar 2013","Mar",12,5,"Wed",13.15
2013,"Mar 2013","Mar",12,5,"Thu",12.7
2013,"Apr 2013","Apr",13,1,"Mon",13.58
2013,"Apr 2013","Apr",13,1,"Tue",12.76
2013,"Apr 2013","Apr",13,1,"Wed",14.21
2013,"Apr 2013","Apr",13,1,"Thu",13.89
2013,"Apr 2013","Apr",13,1,"Fri",13.92
2013,"Apr 2013","Apr",14,2,"Mon",13.19
2013,"Apr 2013","Apr",14,2,"Tue",12.84
2013,"Apr 2013","Apr",14,2,"Wed",12.36
2013,"Apr 2013","Apr",14,2,"Thu",12.24
2013,"Apr 2013","Apr",14,2,"Fri",12.06
2013,"Apr 2013","Apr",15,3,"Mon",17.27
2013,"Apr 2013","Apr",15,3,"Tue",13.96
2013,"Apr 2013","Apr",15,3,"Wed",16.51
2013,"Apr 2013","Apr",15,3,"Thu",17.559999
2013,"Apr 2013","Apr",15,3,"Fri",14.97
2013,"Apr 2013","Apr",16,4,"Mon",14.39
2013,"Apr 2013","Apr",16,4,"Tue",13.48
2013,"Apr 2013","Apr",16,4,"Wed",13.61
2013,"Apr 2013","Apr",16,4,"Thu",13.62
2013,"Apr 2013","Apr",16,4,"Fri",13.61
2013,"Apr 2013","Apr",17,5,"Mon",13.71
2013,"Apr 2013","Apr",17,5,"Tue",13.52
2013,"May 2013","May",17,1,"Wed",14.49
2013,"May 2013","May",17,1,"Thu",13.59
2013,"May 2013","May",17,1,"Fri",12.85
2013,"May 2013","May",18,2,"Mon",12.66
2013,"May 2013","May",18,2,"Tue",12.83
2013,"May 2013","May",18,2,"Wed",12.66
2013,"May 2013","May",18,2,"Thu",13.13
2013,"May 2013","May",18,2,"Fri",12.59
2013,"May 2013","May",19,3,"Mon",12.55
2013,"May 2013","May",19,3,"Tue",12.77
2013,"May 2013","May",19,3,"Wed",12.81
2013,"May 2013","May",19,3,"Thu",13.07
2013,"May 2013","May",19,3,"Fri",12.45
2013,"May 2013","May",20,4,"Mon",13.02
2013,"May 2013","May",20,4,"Tue",13.37
2013,"May 2013","May",20,4,"Wed",13.82
2013,"May 2013","May",20,4,"Thu",14.07
2013,"May 2013","May",20,4,"Fri",13.99
2013,"May 2013","May",21,5,"Tue",14.48
2013,"May 2013","May",21,5,"Wed",14.83
2013,"May 2013","May",21,5,"Thu",14.53
2013,"May 2013","May",21,5,"Fri",16.299999
2013,"Jun 2013","Jun",22,1,"Mon",16.280001
2013,"Jun 2013","Jun",22,1,"Tue",16.27
2013,"Jun 2013","Jun",22,1,"Wed",17.5
2013,"Jun 2013","Jun",22,1,"Thu",16.629999
2013,"Jun 2013","Jun",22,1,"Fri",15.14
2013,"Jun 2013","Jun",23,2,"Mon",15.44
2013,"Jun 2013","Jun",23,2,"Tue",17.07
2013,"Jun 2013","Jun",23,2,"Wed",18.59
2013,"Jun 2013","Jun",23,2,"Thu",16.41
2013,"Jun 2013","Jun",23,2,"Fri",17.15
2013,"Jun 2013","Jun",24,3,"Mon",16.799999
2013,"Jun 2013","Jun",24,3,"Tue",16.610001
2013,"Jun 2013","Jun",24,3,"Wed",16.639999
2013,"Jun 2013","Jun",24,3,"Thu",20.49
2013,"Jun 2013","Jun",24,3,"Fri",18.9
2013,"Jun 2013","Jun",25,4,"Mon",20.110001
2013,"Jun 2013","Jun",25,4,"Tue",18.469999
2013,"Jun 2013","Jun",25,4,"Wed",17.209999
2013,"Jun 2013","Jun",25,4,"Thu",16.860001
2013,"Jun 2013","Jun",25,4,"Fri",16.860001
2013,"Jul 2013","Jul",26,1,"Mon",16.370001
2013,"Jul 2013","Jul",26,1,"Tue",16.440001
2013,"Jul 2013","Jul",26,1,"Wed",16.200001
2013,"Jul 2013","Jul",26,1,"Fri",14.89
2013,"Jul 2013","Jul",27,2,"Mon",14.78
2013,"Jul 2013","Jul",27,2,"Tue",14.35
2013,"Jul 2013","Jul",27,2,"Wed",14.21
2013,"Jul 2013","Jul",27,2,"Thu",14.01
2013,"Jul 2013","Jul",27,2,"Fri",13.84
2013,"Jul 2013","Jul",28,3,"Mon",13.79
2013,"Jul 2013","Jul",28,3,"Tue",14.42
2013,"Jul 2013","Jul",28,3,"Wed",13.78
2013,"Jul 2013","Jul",28,3,"Thu",13.77
2013,"Jul 2013","Jul",28,3,"Fri",12.54
2013,"Jul 2013","Jul",29,4,"Mon",12.29
2013,"Jul 2013","Jul",29,4,"Tue",12.66
2013,"Jul 2013","Jul",29,4,"Wed",13.18
2013,"Jul 2013","Jul",29,4,"Thu",12.97
2013,"Jul 2013","Jul",29,4,"Fri",12.72
2013,"Jul 2013","Jul",30,5,"Mon",13.39
2013,"Jul 2013","Jul",30,5,"Tue",13.39
2013,"Jul 2013","Jul",30,5,"Wed",13.45
2013,"Aug 2013","Aug",30,1,"Thu",12.99
2013,"Aug 2013","Aug",30,1,"Fri",11.98
2013,"Aug 2013","Aug",31,2,"Mon",11.84
2013,"Aug 2013","Aug",31,2,"Tue",12.72
2013,"Aug 2013","Aug",31,2,"Wed",12.98
2013,"Aug 2013","Aug",31,2,"Thu",12.73
2013,"Aug 2013","Aug",31,2,"Fri",13.41
2013,"Aug 2013","Aug",32,3,"Mon",12.81
2013,"Aug 2013","Aug",32,3,"Tue",12.31
2013,"Aug 2013","Aug",32,3,"Wed",13.04
2013,"Aug 2013","Aug",32,3,"Thu",14.73
2013,"Aug 2013","Aug",32,3,"Fri",14.37
2013,"Aug 2013","Aug",33,4,"Mon",15.1
2013,"Aug 2013","Aug",33,4,"Tue",14.91
2013,"Aug 2013","Aug",33,4,"Wed",15.94
2013,"Aug 2013","Aug",33,4,"Thu",14.76
2013,"Aug 2013","Aug",33,4,"Fri",14.06
2013,"Aug 2013","Aug",34,5,"Mon",14.99
2013,"Aug 2013","Aug",34,5,"Tue",16.82
2013,"Aug 2013","Aug",34,5,"Wed",16.49
2013,"Aug 2013","Aug",34,5,"Thu",16.809999
2013,"Aug 2013","Aug",34,5,"Fri",17.01
2013,"Sep 2013","Sep",35,1,"Tue",16.610001
2013,"Sep 2013","Sep",35,1,"Wed",15.88
2013,"Sep 2013","Sep",35,1,"Thu",15.77
2013,"Sep 2013","Sep",35,1,"Fri",15.85
2013,"Sep 2013","Sep",36,2,"Mon",15.63
2013,"Sep 2013","Sep",36,2,"Tue",14.53
2013,"Sep 2013","Sep",36,2,"Wed",13.82
2013,"Sep 2013","Sep",36,2,"Thu",14.29
2013,"Sep 2013","Sep",36,2,"Fri",14.16
2013,"Sep 2013","Sep",37,3,"Mon",14.42
2013,"Sep 2013","Sep",37,3,"Tue",14.53
2013,"Sep 2013","Sep",37,3,"Wed",13.59
2013,"Sep 2013","Sep",37,3,"Thu",13.16
2013,"Sep 2013","Sep",37,3,"Fri",13.12
2013,"Sep 2013","Sep",38,4,"Mon",14.31
2013,"Sep 2013","Sep",38,4,"Tue",14.08
2013,"Sep 2013","Sep",38,4,"Wed",14.01
2013,"Sep 2013","Sep",38,4,"Thu",14.06
2013,"Sep 2013","Sep",38,4,"Fri",15.46
2013,"Sep 2013","Sep",39,5,"Mon",16.6
2013,"Oct 2013","Oct",39,1,"Tue",15.54
2013,"Oct 2013","Oct",39,1,"Wed",16.6
2013,"Oct 2013","Oct",39,1,"Thu",17.67
2013,"Oct 2013","Oct",39,1,"Fri",16.74
2013,"Oct 2013","Oct",40,2,"Mon",19.41
2013,"Oct 2013","Oct",40,2,"Tue",20.34
2013,"Oct 2013","Oct",40,2,"Wed",19.6
2013,"Oct 2013","Oct",40,2,"Thu",16.48
2013,"Oct 2013","Oct",40,2,"Fri",15.72
2013,"Oct 2013","Oct",41,3,"Mon",16.07
2013,"Oct 2013","Oct",41,3,"Tue",18.66
2013,"Oct 2013","Oct",41,3,"Wed",14.71
2013,"Oct 2013","Oct",41,3,"Thu",13.48
2013,"Oct 2013","Oct",41,3,"Fri",13.04
2013,"Oct 2013","Oct",42,4,"Mon",13.16
2013,"Oct 2013","Oct",42,4,"Tue",13.33
2013,"Oct 2013","Oct",42,4,"Wed",13.42
2013,"Oct 2013","Oct",42,4,"Thu",13.2
2013,"Oct 2013","Oct",42,4,"Fri",13.09
2013,"Oct 2013","Oct",43,5,"Mon",13.31
2013,"Oct 2013","Oct",43,5,"Tue",13.41
2013,"Oct 2013","Oct",43,5,"Wed",13.65
2013,"Oct 2013","Oct",43,5,"Thu",13.75
2013,"Nov 2013","Nov",43,1,"Fri",13.28
2013,"Nov 2013","Nov",44,2,"Mon",12.93
2013,"Nov 2013","Nov",44,2,"Tue",13.27
2013,"Nov 2013","Nov",44,2,"Wed",12.68
2013,"Nov 2013","Nov",44,2,"Thu",13.91
2013,"Nov 2013","Nov",44,2,"Fri",12.9
2013,"Nov 2013","Nov",45,3,"Mon",12.53
2013,"Nov 2013","Nov",45,3,"Tue",12.82
2013,"Nov 2013","Nov",45,3,"Wed",12.52
2013,"Nov 2013","Nov",45,3,"Thu",12.37
2013,"Nov 2013","Nov",45,3,"Fri",12.19
2013,"Nov 2013","Nov",46,4,"Mon",13.1
2013,"Nov 2013","Nov",46,4,"Tue",13.42
2013,"Nov 2013","Nov",46,4,"Wed",13.4
2013,"Nov 2013","Nov",46,4,"Thu",12.66
2013,"Nov 2013","Nov",46,4,"Fri",12.26
2013,"Nov 2013","Nov",47,5,"Mon",12.79
2013,"Nov 2013","Nov",47,5,"Tue",12.81
2013,"Nov 2013","Nov",47,5,"Wed",12.98
2013,"Nov 2013","Nov",47,5,"Fri",13.7
2013,"Dec 2013","Dec",48,1,"Mon",14.23
2013,"Dec 2013","Dec",48,1,"Tue",14.55
2013,"Dec 2013","Dec",48,1,"Wed",14.7
2013,"Dec 2013","Dec",48,1,"Thu",15.08
2013,"Dec 2013","Dec",48,1,"Fri",13.79
2013,"Dec 2013","Dec",49,2,"Mon",13.49
2013,"Dec 2013","Dec",49,2,"Tue",13.91
2013,"Dec 2013","Dec",49,2,"Wed",15.35
2013,"Dec 2013","Dec",49,2,"Thu",15.54
2013,"Dec 2013","Dec",49,2,"Fri",15.76
2013,"Dec 2013","Dec",50,3,"Mon",16.030001
2013,"Dec 2013","Dec",50,3,"Tue",16.209999
2013,"Dec 2013","Dec",50,3,"Wed",13.8
2013,"Dec 2013","Dec",50,3,"Thu",14.15
2013,"Dec 2013","Dec",50,3,"Fri",13.79
2013,"Dec 2013","Dec",51,4,"Mon",13.04
2013,"Dec 2013","Dec",51,4,"Tue",12.48
2013,"Dec 2013","Dec",51,4,"Thu",12.33
2013,"Dec 2013","Dec",51,4,"Fri",12.46
2013,"Dec 2013","Dec",52,5,"Mon",13.56
2013,"Dec 2013","Dec",52,5,"Tue",13.72
2014,"Jan 2014","Jan",0,1,"Thu",14.23
2014,"Jan 2014","Jan",0,1,"Fri",13.76
2014,"Jan 2014","Jan",1,2,"Mon",13.55
2014,"Jan 2014","Jan",1,2,"Tue",12.92
2014,"Jan 2014","Jan",1,2,"Wed",12.87
2014,"Jan 2014","Jan",1,2,"Thu",12.89
2014,"Jan 2014","Jan",1,2,"Fri",12.14
2014,"Jan 2014","Jan",2,3,"Mon",13.28
2014,"Jan 2014","Jan",2,3,"Tue",12.28
2014,"Jan 2014","Jan",2,3,"Wed",12.28
2014,"Jan 2014","Jan",2,3,"Thu",12.53
2014,"Jan 2014","Jan",2,3,"Fri",12.44
2014,"Jan 2014","Jan",3,4,"Tue",12.87
2014,"Jan 2014","Jan",3,4,"Wed",12.84
2014,"Jan 2014","Jan",3,4,"Thu",13.77
2014,"Jan 2014","Jan",3,4,"Fri",17.879999
2014,"Jan 2014","Jan",4,5,"Mon",17.42
2014,"Jan 2014","Jan",4,5,"Tue",15.8
2014,"Jan 2014","Jan",4,5,"Wed",17.35
2014,"Jan 2014","Jan",4,5,"Thu",17.290001
2014,"Jan 2014","Jan",4,5,"Fri",18.41
2014,"Feb 2014","Feb",5,1,"Mon",21.440001
2014,"Feb 2014","Feb",5,1,"Tue",19.110001
2014,"Feb 2014","Feb",5,1,"Wed",19.950001
2014,"Feb 2014","Feb",5,1,"Thu",17.23
2014,"Feb 2014","Feb",5,1,"Fri",15.31
2014,"Feb 2014","Feb",6,2,"Mon",15.26
2014,"Feb 2014","Feb",6,2,"Tue",14.51
2014,"Feb 2014","Feb",6,2,"Wed",14.3
2014,"Feb 2014","Feb",6,2,"Thu",14.14
2014,"Feb 2014","Feb",6,2,"Fri",13.57
2014,"Feb 2014","Feb",7,3,"Tue",13.87
2014,"Feb 2014","Feb",7,3,"Wed",15.5
2014,"Feb 2014","Feb",7,3,"Thu",14.79
2014,"Feb 2014","Feb",7,3,"Fri",14.68
2014,"Feb 2014","Feb",8,4,"Mon",14.23
2014,"Feb 2014","Feb",8,4,"Tue",13.67
2014,"Feb 2014","Feb",8,4,"Wed",14.35
2014,"Feb 2014","Feb",8,4,"Thu",14.04
2014,"Feb 2014","Feb",8,4,"Fri",14
2014,"Mar 2014","Mar",9,1,"Mon",16
2014,"Mar 2014","Mar",9,1,"Tue",14.1
2014,"Mar 2014","Mar",9,1,"Wed",13.89
2014,"Mar 2014","Mar",9,1,"Thu",14.21
2014,"Mar 2014","Mar",9,1,"Fri",14.11
2014,"Mar 2014","Mar",10,2,"Mon",14.2
2014,"Mar 2014","Mar",10,2,"Tue",14.8
2014,"Mar 2014","Mar",10,2,"Wed",14.47
2014,"Mar 2014","Mar",10,2,"Thu",16.219999
2014,"Mar 2014","Mar",10,2,"Fri",17.82
2014,"Mar 2014","Mar",11,3,"Mon",15.64
2014,"Mar 2014","Mar",11,3,"Tue",14.52
2014,"Mar 2014","Mar",11,3,"Wed",15.12
2014,"Mar 2014","Mar",11,3,"Thu",14.52
2014,"Mar 2014","Mar",11,3,"Fri",15
2014,"Mar 2014","Mar",12,4,"Mon",15.09
2014,"Mar 2014","Mar",12,4,"Tue",14.02
2014,"Mar 2014","Mar",12,4,"Wed",14.93
2014,"Mar 2014","Mar",12,4,"Thu",14.62
2014,"Mar 2014","Mar",12,4,"Fri",14.41
2014,"Mar 2014","Mar",13,5,"Mon",13.88
2014,"Apr 2014","Apr",13,1,"Tue",13.1
2014,"Apr 2014","Apr",13,1,"Wed",13.09
2014,"Apr 2014","Apr",13,1,"Thu",13.37
2014,"Apr 2014","Apr",13,1,"Fri",13.96
2014,"Apr 2014","Apr",14,2,"Mon",15.57
2014,"Apr 2014","Apr",14,2,"Tue",14.89
2014,"Apr 2014","Apr",14,2,"Wed",13.82
2014,"Apr 2014","Apr",14,2,"Thu",15.89
2014,"Apr 2014","Apr",14,2,"Fri",17.030001
2014,"Apr 2014","Apr",15,3,"Mon",16.18
2014,"Apr 2014","Apr",15,3,"Tue",15.61
2014,"Apr 2014","Apr",15,3,"Wed",14.18
2014,"Apr 2014","Apr",15,3,"Thu",13.36
2014,"Apr 2014","Apr",16,4,"Mon",13.25
2014,"Apr 2014","Apr",16,4,"Tue",13.19
2014,"Apr 2014","Apr",16,4,"Wed",13.27
2014,"Apr 2014","Apr",16,4,"Thu",13.32
2014,"Apr 2014","Apr",16,4,"Fri",14.06
2014,"Apr 2014","Apr",17,5,"Mon",13.97
2014,"Apr 2014","Apr",17,5,"Tue",13.71
2014,"Apr 2014","Apr",17,5,"Wed",13.41
2014,"May 2014","May",17,1,"Thu",13.25
2014,"May 2014","May",17,1,"Fri",12.91
2014,"May 2014","May",18,2,"Mon",13.29
2014,"May 2014","May",18,2,"Tue",13.8
2014,"May 2014","May",18,2,"Wed",13.4
2014,"May 2014","May",18,2,"Thu",13.43
2014,"May 2014","May",18,2,"Fri",12.92
2014,"May 2014","May",19,3,"Mon",12.23
2014,"May 2014","May",19,3,"Tue",12.13
2014,"May 2014","May",19,3,"Wed",12.17
2014,"May 2014","May",19,3,"Thu",13.17
2014,"May 2014","May",19,3,"Fri",12.44
2014,"May 2014","May",20,4,"Mon",12.42
2014,"May 2014","May",20,4,"Tue",12.96
2014,"May 2014","May",20,4,"Wed",11.91
2014,"May 2014","May",20,4,"Thu",12.03
2014,"May 2014","May",20,4,"Fri",11.36
2014,"May 2014","May",21,5,"Tue",11.51
2014,"May 2014","May",21,5,"Wed",11.68
2014,"May 2014","May",21,5,"Thu",11.57
2014,"May 2014","May",21,5,"Fri",11.4
2014,"Jun 2014","Jun",22,1,"Mon",11.58
2014,"Jun 2014","Jun",22,1,"Tue",11.87
2014,"Jun 2014","Jun",22,1,"Wed",12.08
2014,"Jun 2014","Jun",22,1,"Thu",11.68
2014,"Jun 2014","Jun",22,1,"Fri",10.73
2014,"Jun 2014","Jun",23,2,"Mon",11.15
2014,"Jun 2014","Jun",23,2,"Tue",10.99
2014,"Jun 2014","Jun",23,2,"Wed",11.6
2014,"Jun 2014","Jun",23,2,"Thu",12.56
2014,"Jun 2014","Jun",23,2,"Fri",12.18
2014,"Jun 2014","Jun",24,3,"Mon",12.65
2014,"Jun 2014","Jun",24,3,"Tue",12.06
2014,"Jun 2014","Jun",24,3,"Wed",10.61
2014,"Jun 2014","Jun",24,3,"Thu",10.62
2014,"Jun 2014","Jun",24,3,"Fri",10.85
2014,"Jun 2014","Jun",25,4,"Mon",10.98
2014,"Jun 2014","Jun",25,4,"Tue",12.13
2014,"Jun 2014","Jun",25,4,"Wed",11.59
2014,"Jun 2014","Jun",25,4,"Thu",11.63
2014,"Jun 2014","Jun",25,4,"Fri",11.26
2014,"Jun 2014","Jun",26,5,"Mon",11.57
2014,"Jul 2014","Jul",26,1,"Tue",11.15
2014,"Jul 2014","Jul",26,1,"Wed",10.82
2014,"Jul 2014","Jul",26,1,"Thu",10.32
2014,"Jul 2014","Jul",27,2,"Mon",11.33
2014,"Jul 2014","Jul",27,2,"Tue",11.98
2014,"Jul 2014","Jul",27,2,"Wed",11.65
2014,"Jul 2014","Jul",27,2,"Thu",12.59
2014,"Jul 2014","Jul",27,2,"Fri",12.08
2014,"Jul 2014","Jul",28,3,"Mon",11.82
2014,"Jul 2014","Jul",28,3,"Tue",11.96
2014,"Jul 2014","Jul",28,3,"Wed",11
2014,"Jul 2014","Jul",28,3,"Thu",14.54
2014,"Jul 2014","Jul",28,3,"Fri",12.06
2014,"Jul 2014","Jul",29,4,"Mon",12.81
2014,"Jul 2014","Jul",29,4,"Tue",12.24
2014,"Jul 2014","Jul",29,4,"Wed",11.52
2014,"Jul 2014","Jul",29,4,"Thu",11.84
2014,"Jul 2014","Jul",29,4,"Fri",12.69
2014,"Jul 2014","Jul",30,5,"Mon",12.56
2014,"Jul 2014","Jul",30,5,"Tue",13.28
2014,"Jul 2014","Jul",30,5,"Wed",13.33
2014,"Jul 2014","Jul",30,5,"Thu",16.950001
2014,"Aug 2014","Aug",30,1,"Fri",17.030001
2014,"Aug 2014","Aug",31,2,"Mon",15.12
2014,"Aug 2014","Aug",31,2,"Tue",16.870001
2014,"Aug 2014","Aug",31,2,"Wed",16.370001
2014,"Aug 2014","Aug",31,2,"Thu",16.66
2014,"Aug 2014","Aug",31,2,"Fri",15.77
2014,"Aug 2014","Aug",32,3,"Mon",14.23
2014,"Aug 2014","Aug",32,3,"Tue",14.13
2014,"Aug 2014","Aug",32,3,"Wed",12.9
2014,"Aug 2014","Aug",32,3,"Thu",12.42
2014,"Aug 2014","Aug",32,3,"Fri",13.15
2014,"Aug 2014","Aug",33,4,"Mon",12.32
2014,"Aug 2014","Aug",33,4,"Tue",12.21
2014,"Aug 2014","Aug",33,4,"Wed",11.78
2014,"Aug 2014","Aug",33,4,"Thu",11.76
2014,"Aug 2014","Aug",33,4,"Fri",11.47
2014,"Aug 2014","Aug",34,5,"Mon",11.7
2014,"Aug 2014","Aug",34,5,"Tue",11.63
2014,"Aug 2014","Aug",34,5,"Wed",11.78
2014,"Aug 2014","Aug",34,5,"Thu",12.05
2014,"Aug 2014","Aug",34,5,"Fri",12.09
2014,"Sep 2014","Sep",35,1,"Tue",12.25
2014,"Sep 2014","Sep",35,1,"Wed",12.36
2014,"Sep 2014","Sep",35,1,"Thu",12.64
2014,"Sep 2014","Sep",35,1,"Fri",12.09
2014,"Sep 2014","Sep",36,2,"Mon",12.66
2014,"Sep 2014","Sep",36,2,"Tue",13.5
2014,"Sep 2014","Sep",36,2,"Wed",12.88
2014,"Sep 2014","Sep",36,2,"Thu",12.8
2014,"Sep 2014","Sep",36,2,"Fri",13.31
2014,"Sep 2014","Sep",37,3,"Mon",14.12
2014,"Sep 2014","Sep",37,3,"Tue",12.73
2014,"Sep 2014","Sep",37,3,"Wed",12.65
2014,"Sep 2014","Sep",37,3,"Thu",12.03
2014,"Sep 2014","Sep",37,3,"Fri",12.11
2014,"Sep 2014","Sep",38,4,"Mon",13.69
2014,"Sep 2014","Sep",38,4,"Tue",14.93
2014,"Sep 2014","Sep",38,4,"Wed",13.27
2014,"Sep 2014","Sep",38,4,"Thu",15.64
2014,"Sep 2014","Sep",38,4,"Fri",14.85
2014,"Sep 2014","Sep",39,5,"Mon",15.98
2014,"Sep 2014","Sep",39,5,"Tue",16.309999
2014,"Oct 2014","Oct",39,1,"Wed",16.709999
2014,"Oct 2014","Oct",39,1,"Thu",16.16
2014,"Oct 2014","Oct",39,1,"Fri",14.55
2014,"Oct 2014","Oct",40,2,"Mon",15.46
2014,"Oct 2014","Oct",40,2,"Tue",17.200001
2014,"Oct 2014","Oct",40,2,"Wed",15.11
2014,"Oct 2014","Oct",40,2,"Thu",18.76
2014,"Oct 2014","Oct",40,2,"Fri",21.24
2014,"Oct 2014","Oct",41,3,"Mon",24.639999
2014,"Oct 2014","Oct",41,3,"Tue",22.790001
2014,"Oct 2014","Oct",41,3,"Wed",25.27
2014,"Oct 2014","Oct",41,3,"Thu",25.200001
2014,"Oct 2014","Oct",41,3,"Fri",21.99
2014,"Oct 2014","Oct",42,4,"Mon",18.57
2014,"Oct 2014","Oct",42,4,"Tue",16.08
2014,"Oct 2014","Oct",42,4,"Wed",17.870001
2014,"Oct 2014","Oct",42,4,"Thu",16.530001
2014,"Oct 2014","Oct",42,4,"Fri",16.110001
2014,"Oct 2014","Oct",43,5,"Mon",16.040001
2014,"Oct 2014","Oct",43,5,"Tue",14.39
2014,"Oct 2014","Oct",43,5,"Wed",15.15
2014,"Oct 2014","Oct",43,5,"Thu",14.52
2014,"Oct 2014","Oct",43,5,"Fri",14.03
2014,"Nov 2014","Nov",44,1,"Mon",14.73
2014,"Nov 2014","Nov",44,1,"Tue",14.89
2014,"Nov 2014","Nov",44,1,"Wed",14.17
2014,"Nov 2014","Nov",44,1,"Thu",13.67
2014,"Nov 2014","Nov",44,1,"Fri",13.12
2014,"Nov 2014","Nov",45,2,"Mon",12.67
2014,"Nov 2014","Nov",45,2,"Tue",12.92
2014,"Nov 2014","Nov",45,2,"Wed",13.02
2014,"Nov 2014","Nov",45,2,"Thu",13.79
2014,"Nov 2014","Nov",45,2,"Fri",13.31
2014,"Nov 2014","Nov",46,3,"Mon",13.99
2014,"Nov 2014","Nov",46,3,"Tue",13.86
2014,"Nov 2014","Nov",46,3,"Wed",13.96
2014,"Nov 2014","Nov",46,3,"Thu",13.58
2014,"Nov 2014","Nov",46,3,"Fri",12.9
2014,"Nov 2014","Nov",47,4,"Mon",12.62
2014,"Nov 2014","Nov",47,4,"Tue",12.25
2014,"Nov 2014","Nov",47,4,"Wed",12.07
2014,"Nov 2014","Nov",47,4,"Fri",13.33
2014,"Dec 2014","Dec",48,1,"Mon",14.16
2014,"Dec 2014","Dec",48,1,"Tue",12.85
2014,"Dec 2014","Dec",48,1,"Wed",12.5
2014,"Dec 2014","Dec",48,1,"Thu",12.38
2014,"Dec 2014","Dec",48,1,"Fri",11.89
2014,"Dec 2014","Dec",49,2,"Mon",14.21
2014,"Dec 2014","Dec",49,2,"Tue",15.35
2014,"Dec 2014","Dec",49,2,"Wed",18.530001
2014,"Dec 2014","Dec",49,2,"Thu",20.08
2014,"Dec 2014","Dec",49,2,"Fri",21.08
2014,"Dec 2014","Dec",50,3,"Mon",20.42
2014,"Dec 2014","Dec",50,3,"Tue",23.57
2014,"Dec 2014","Dec",50,3,"Wed",19.440001
2014,"Dec 2014","Dec",50,3,"Thu",16.809999
2014,"Dec 2014","Dec",50,3,"Fri",16.49
2014,"Dec 2014","Dec",51,4,"Mon",15.25
2014,"Dec 2014","Dec",51,4,"Tue",14.8
2014,"Dec 2014","Dec",51,4,"Wed",14.37
2014,"Dec 2014","Dec",51,4,"Fri",14.5
2014,"Dec 2014","Dec",52,5,"Mon",15.06
2014,"Dec 2014","Dec",52,5,"Tue",15.92
2014,"Dec 2014","Dec",52,5,"Wed",19.200001
2015,"Jan 2015","Jan",0,1,"Fri",17.790001
2015,"Jan 2015","Jan",1,2,"Mon",19.92
2015,"Jan 2015","Jan",1,2,"Tue",21.120001
2015,"Jan 2015","Jan",1,2,"Wed",19.309999
2015,"Jan 2015","Jan",1,2,"Thu",17.01
2015,"Jan 2015","Jan",1,2,"Fri",17.549999
2015,"Jan 2015","Jan",2,3,"Mon",19.6
2015,"Jan 2015","Jan",2,3,"Tue",20.559999
2015,"Jan 2015","Jan",2,3,"Wed",21.48
2015,"Jan 2015","Jan",2,3,"Thu",22.389999
2015,"Jan 2015","Jan",2,3,"Fri",20.950001
2015,"Jan 2015","Jan",3,4,"Tue",19.889999
2015,"Jan 2015","Jan",3,4,"Wed",18.85
2015,"Jan 2015","Jan",3,4,"Thu",16.4
2015,"Jan 2015","Jan",3,4,"Fri",16.66
2015,"Jan 2015","Jan",4,5,"Mon",15.52
2015,"Jan 2015","Jan",4,5,"Tue",17.219999
2015,"Jan 2015","Jan",4,5,"Wed",20.440001
2015,"Jan 2015","Jan",4,5,"Thu",18.76
2015,"Jan 2015","Jan",4,5,"Fri",20.969999
2015,"Feb 2015","Feb",5,1,"Mon",19.43
2015,"Feb 2015","Feb",5,1,"Tue",17.33
2015,"Feb 2015","Feb",5,1,"Wed",18.33
2015,"Feb 2015","Feb",5,1,"Thu",16.85
2015,"Feb 2015","Feb",5,1,"Fri",17.290001
2015,"Feb 2015","Feb",6,2,"Mon",18.549999
2015,"Feb 2015","Feb",6,2,"Tue",17.23
2015,"Feb 2015","Feb",6,2,"Wed",16.959999
2015,"Feb 2015","Feb",6,2,"Thu",15.34
2015,"Feb 2015","Feb",6,2,"Fri",14.69
2015,"Feb 2015","Feb",7,3,"Tue",15.8
2015,"Feb 2015","Feb",7,3,"Wed",15.45
2015,"Feb 2015","Feb",7,3,"Thu",15.29
2015,"Feb 2015","Feb",7,3,"Fri",14.3
2015,"Feb 2015","Feb",8,4,"Mon",14.56
2015,"Feb 2015","Feb",8,4,"Tue",13.69
2015,"Feb 2015","Feb",8,4,"Wed",13.84
2015,"Feb 2015","Feb",8,4,"Thu",13.91
2015,"Feb 2015","Feb",8,4,"Fri",13.34
2015,"Mar 2015","Mar",9,1,"Mon",13.04
2015,"Mar 2015","Mar",9,1,"Tue",13.86
2015,"Mar 2015","Mar",9,1,"Wed",14.23
2015,"Mar 2015","Mar",9,1,"Thu",14.04
2015,"Mar 2015","Mar",9,1,"Fri",15.2
2015,"Mar 2015","Mar",10,2,"Mon",15.06
2015,"Mar 2015","Mar",10,2,"Tue",16.690001
2015,"Mar 2015","Mar",10,2,"Wed",16.870001
2015,"Mar 2015","Mar",10,2,"Thu",15.42
2015,"Mar 2015","Mar",10,2,"Fri",16
2015,"Mar 2015","Mar",11,3,"Mon",15.61
2015,"Mar 2015","Mar",11,3,"Tue",15.66
2015,"Mar 2015","Mar",11,3,"Wed",13.97
2015,"Mar 2015","Mar",11,3,"Thu",14.07
2015,"Mar 2015","Mar",11,3,"Fri",13.02
2015,"Mar 2015","Mar",12,4,"Mon",13.41
2015,"Mar 2015","Mar",12,4,"Tue",13.62
2015,"Mar 2015","Mar",12,4,"Wed",15.44
2015,"Mar 2015","Mar",12,4,"Thu",15.8
2015,"Mar 2015","Mar",12,4,"Fri",15.07
2015,"Mar 2015","Mar",13,5,"Mon",14.51
2015,"Mar 2015","Mar",13,5,"Tue",15.29
2015,"Apr 2015","Apr",13,1,"Wed",15.11
2015,"Apr 2015","Apr",13,1,"Thu",14.67
2015,"Apr 2015","Apr",14,2,"Mon",14.74
2015,"Apr 2015","Apr",14,2,"Tue",14.78
2015,"Apr 2015","Apr",14,2,"Wed",13.98
2015,"Apr 2015","Apr",14,2,"Thu",13.09
2015,"Apr 2015","Apr",14,2,"Fri",12.58
2015,"Apr 2015","Apr",15,3,"Mon",13.94
2015,"Apr 2015","Apr",15,3,"Tue",13.67
2015,"Apr 2015","Apr",15,3,"Wed",12.84
2015,"Apr 2015","Apr",15,3,"Thu",12.6
2015,"Apr 2015","Apr",15,3,"Fri",13.89
2015,"Apr 2015","Apr",16,4,"Mon",13.3
2015,"Apr 2015","Apr",16,4,"Tue",13.25
2015,"Apr 2015","Apr",16,4,"Wed",12.71
2015,"Apr 2015","Apr",16,4,"Thu",12.48
2015,"Apr 2015","Apr",16,4,"Fri",12.29
2015,"Apr 2015","Apr",17,5,"Mon",13.12
2015,"Apr 2015","Apr",17,5,"Tue",12.41
2015,"Apr 2015","Apr",17,5,"Wed",13.39
2015,"Apr 2015","Apr",17,5,"Thu",14.55
2015,"May 2015","May",17,1,"Fri",12.7
2015,"May 2015","May",18,2,"Mon",12.85
2015,"May 2015","May",18,2,"Tue",14.31
2015,"May 2015","May",18,2,"Wed",15.15
2015,"May 2015","May",18,2,"Thu",15.13
2015,"May 2015","May",18,2,"Fri",12.86
2015,"May 2015","May",19,3,"Mon",13.85
2015,"May 2015","May",19,3,"Tue",13.86
2015,"May 2015","May",19,3,"Wed",13.76
2015,"May 2015","May",19,3,"Thu",12.74
2015,"May 2015","May",19,3,"Fri",12.38
2015,"May 2015","May",20,4,"Mon",12.73
2015,"May 2015","May",20,4,"Tue",12.85
2015,"May 2015","May",20,4,"Wed",12.88
2015,"May 2015","May",20,4,"Thu",12.11
2015,"May 2015","May",20,4,"Fri",12.13
2015,"May 2015","May",21,5,"Tue",14.06
2015,"May 2015","May",21,5,"Wed",13.27
2015,"May 2015","May",21,5,"Thu",13.31
2015,"May 2015","May",21,5,"Fri",13.84
2015,"Jun 2015","Jun",22,1,"Mon",13.97
2015,"Jun 2015","Jun",22,1,"Tue",14.24
2015,"Jun 2015","Jun",22,1,"Wed",13.66
2015,"Jun 2015","Jun",22,1,"Thu",14.71
2015,"Jun 2015","Jun",22,1,"Fri",14.21
2015,"Jun 2015","Jun",23,2,"Mon",15.29
2015,"Jun 2015","Jun",23,2,"Tue",14.47
2015,"Jun 2015","Jun",23,2,"Wed",13.22
2015,"Jun 2015","Jun",23,2,"Thu",12.85
2015,"Jun 2015","Jun",23,2,"Fri",13.78
2015,"Jun 2015","Jun",24,3,"Mon",15.39
2015,"Jun 2015","Jun",24,3,"Tue",14.81
2015,"Jun 2015","Jun",24,3,"Wed",14.5
2015,"Jun 2015","Jun",24,3,"Thu",13.19
2015,"Jun 2015","Jun",24,3,"Fri",13.96
2015,"Jun 2015","Jun",25,4,"Mon",12.74
2015,"Jun 2015","Jun",25,4,"Tue",12.11
2015,"Jun 2015","Jun",25,4,"Wed",13.26
2015,"Jun 2015","Jun",25,4,"Thu",14.01
2015,"Jun 2015","Jun",25,4,"Fri",14.02
2015,"Jun 2015","Jun",26,5,"Mon",18.85
2015,"Jun 2015","Jun",26,5,"Tue",18.23
2015,"Jul 2015","Jul",26,1,"Wed",16.09
2015,"Jul 2015","Jul",26,1,"Thu",16.790001
2015,"Jul 2015","Jul",27,2,"Mon",17.01
2015,"Jul 2015","Jul",27,2,"Tue",16.09
2015,"Jul 2015","Jul",27,2,"Wed",19.66
2015,"Jul 2015","Jul",27,2,"Thu",19.969999
2015,"Jul 2015","Jul",27,2,"Fri",16.83
2015,"Jul 2015","Jul",28,3,"Mon",13.9
2015,"Jul 2015","Jul",28,3,"Tue",13.37
2015,"Jul 2015","Jul",28,3,"Wed",13.23
2015,"Jul 2015","Jul",28,3,"Thu",12.11
2015,"Jul 2015","Jul",28,3,"Fri",11.95
2015,"Jul 2015","Jul",29,4,"Mon",12.25
2015,"Jul 2015","Jul",29,4,"Tue",12.22
2015,"Jul 2015","Jul",29,4,"Wed",12.12
2015,"Jul 2015","Jul",29,4,"Thu",12.64
2015,"Jul 2015","Jul",29,4,"Fri",13.74
2015,"Jul 2015","Jul",30,5,"Mon",15.6
2015,"Jul 2015","Jul",30,5,"Tue",13.44
2015,"Jul 2015","Jul",30,5,"Wed",12.5
2015,"Jul 2015","Jul",30,5,"Thu",12.13
2015,"Jul 2015","Jul",30,5,"Fri",12.12
2015,"Aug 2015","Aug",31,1,"Mon",12.56
2015,"Aug 2015","Aug",31,1,"Tue",13
2015,"Aug 2015","Aug",31,1,"Wed",12.51
2015,"Aug 2015","Aug",31,1,"Thu",13.77
2015,"Aug 2015","Aug",31,1,"Fri",13.39
2015,"Aug 2015","Aug",32,2,"Mon",12.23
2015,"Aug 2015","Aug",32,2,"Tue",13.71
2015,"Aug 2015","Aug",32,2,"Wed",13.61
2015,"Aug 2015","Aug",32,2,"Thu",13.49
2015,"Aug 2015","Aug",32,2,"Fri",12.83
2015,"Aug 2015","Aug",33,3,"Mon",13.02
2015,"Aug 2015","Aug",33,3,"Tue",13.79
2015,"Aug 2015","Aug",33,3,"Wed",15.25
2015,"Aug 2015","Aug",33,3,"Thu",19.139999
2015,"Aug 2015","Aug",33,3,"Fri",28.030001
2015,"Aug 2015","Aug",34,4,"Mon",40.740002
2015,"Aug 2015","Aug",34,4,"Tue",36.02
2015,"Aug 2015","Aug",34,4,"Wed",30.32
2015,"Aug 2015","Aug",34,4,"Thu",26.1
2015,"Aug 2015","Aug",34,4,"Fri",26.049999
2015,"Aug 2015","Aug",35,5,"Mon",28.43
2015,"Sep 2015","Sep",35,1,"Tue",31.4
2015,"Sep 2015","Sep",35,1,"Wed",26.09
2015,"Sep 2015","Sep",35,1,"Thu",25.610001
2015,"Sep 2015","Sep",35,1,"Fri",27.799999
2015,"Sep 2015","Sep",36,2,"Tue",24.9
2015,"Sep 2015","Sep",36,2,"Wed",26.23
2015,"Sep 2015","Sep",36,2,"Thu",24.370001
2015,"Sep 2015","Sep",36,2,"Fri",23.200001
2015,"Sep 2015","Sep",37,3,"Mon",24.25
2015,"Sep 2015","Sep",37,3,"Tue",22.540001
2015,"Sep 2015","Sep",37,3,"Wed",21.35
2015,"Sep 2015","Sep",37,3,"Thu",21.139999
2015,"Sep 2015","Sep",37,3,"Fri",22.280001
2015,"Sep 2015","Sep",38,4,"Mon",20.139999
2015,"Sep 2015","Sep",38,4,"Tue",22.440001
2015,"Sep 2015","Sep",38,4,"Wed",22.129999
2015,"Sep 2015","Sep",38,4,"Thu",23.469999
2015,"Sep 2015","Sep",38,4,"Fri",23.620001
2015,"Sep 2015","Sep",39,5,"Mon",27.629999
2015,"Sep 2015","Sep",39,5,"Tue",26.83
2015,"Sep 2015","Sep",39,5,"Wed",24.5
2015,"Oct 2015","Oct",39,1,"Thu",22.549999
2015,"Oct 2015","Oct",39,1,"Fri",20.940001
2015,"Oct 2015","Oct",40,2,"Mon",19.540001
2015,"Oct 2015","Oct",40,2,"Tue",19.4
2015,"Oct 2015","Oct",40,2,"Wed",18.4
2015,"Oct 2015","Oct",40,2,"Thu",17.42
2015,"Oct 2015","Oct",40,2,"Fri",17.08
2015,"Oct 2015","Oct",41,3,"Mon",16.17
2015,"Oct 2015","Oct",41,3,"Tue",17.67
2015,"Oct 2015","Oct",41,3,"Wed",18.030001
2015,"Oct 2015","Oct",41,3,"Thu",16.049999
2015,"Oct 2015","Oct",41,3,"Fri",15.05
2015,"Oct 2015","Oct",42,4,"Mon",14.98
2015,"Oct 2015","Oct",42,4,"Tue",15.75
2015,"Oct 2015","Oct",42,4,"Wed",16.700001
2015,"Oct 2015","Oct",42,4,"Thu",14.45
2015,"Oct 2015","Oct",42,4,"Fri",14.46
2015,"Oct 2015","Oct",43,5,"Mon",15.29
2015,"Oct 2015","Oct",43,5,"Tue",15.43
2015,"Oct 2015","Oct",43,5,"Wed",14.33
2015,"Oct 2015","Oct",43,5,"Thu",14.61
2015,"Oct 2015","Oct",43,5,"Fri",15.07
2015,"Nov 2015","Nov",44,1,"Mon",14.15
2015,"Nov 2015","Nov",44,1,"Tue",14.54
2015,"Nov 2015","Nov",44,1,"Wed",15.51
2015,"Nov 2015","Nov",44,1,"Thu",15.05
2015,"Nov 2015","Nov",44,1,"Fri",14.33
2015,"Nov 2015","Nov",45,2,"Mon",16.52
2015,"Nov 2015","Nov",45,2,"Tue",15.29
2015,"Nov 2015","Nov",45,2,"Wed",16.059999
2015,"Nov 2015","Nov",45,2,"Thu",18.370001
2015,"Nov 2015","Nov",45,2,"Fri",20.08
2015,"Nov 2015","Nov",46,3,"Mon",18.16
2015,"Nov 2015","Nov",46,3,"Tue",18.84
2015,"Nov 2015","Nov",46,3,"Wed",16.85
2015,"Nov 2015","Nov",46,3,"Thu",16.99
2015,"Nov 2015","Nov",46,3,"Fri",15.47
2015,"Nov 2015","Nov",47,4,"Mon",15.62
2015,"Nov 2015","Nov",47,4,"Tue",15.93
2015,"Nov 2015","Nov",47,4,"Wed",15.19
2015,"Nov 2015","Nov",47,4,"Fri",15.12
2015,"Nov 2015","Nov",48,5,"Mon",16.129999
2015,"Dec 2015","Dec",48,1,"Tue",14.67
2015,"Dec 2015","Dec",48,1,"Wed",15.91
2015,"Dec 2015","Dec",48,1,"Thu",18.110001
2015,"Dec 2015","Dec",48,1,"Fri",14.81
2015,"Dec 2015","Dec",49,2,"Mon",15.84
2015,"Dec 2015","Dec",49,2,"Tue",17.6
2015,"Dec 2015","Dec",49,2,"Wed",19.610001
2015,"Dec 2015","Dec",49,2,"Thu",19.34
2015,"Dec 2015","Dec",49,2,"Fri",24.389999
2015,"Dec 2015","Dec",50,3,"Mon",22.73
2015,"Dec 2015","Dec",50,3,"Tue",20.950001
2015,"Dec 2015","Dec",50,3,"Wed",17.860001
2015,"Dec 2015","Dec",50,3,"Thu",18.940001
2015,"Dec 2015","Dec",50,3,"Fri",20.700001
2015,"Dec 2015","Dec",51,4,"Mon",18.700001
2015,"Dec 2015","Dec",51,4,"Tue",16.6
2015,"Dec 2015","Dec",51,4,"Wed",15.57
2015,"Dec 2015","Dec",51,4,"Thu",15.74
2015,"Dec 2015","Dec",52,5,"Mon",16.91
2015,"Dec 2015","Dec",52,5,"Tue",16.08
2015,"Dec 2015","Dec",52,5,"Wed",17.290001
2015,"Dec 2015","Dec",52,5,"Thu",18.209999
2016,"Jan 2016","Jan",1,1,"Mon",20.700001
2016,"Jan 2016","Jan",1,1,"Tue",19.34
2016,"Jan 2016","Jan",1,1,"Wed",20.59
2016,"Jan 2016","Jan",1,1,"Thu",24.99
2016,"Jan 2016","Jan",1,1,"Fri",27.01
2016,"Jan 2016","Jan",2,2,"Mon",24.299999
2016,"Jan 2016","Jan",2,2,"Tue",22.469999
2016,"Jan 2016","Jan",2,2,"Wed",25.219999
2016,"Jan 2016","Jan",2,2,"Thu",23.950001
2016,"Jan 2016","Jan",2,2,"Fri",27.02
2016,"Jan 2016","Jan",3,3,"Tue",26.049999
2016,"Jan 2016","Jan",3,3,"Wed",27.59
2016,"Jan 2016","Jan",3,3,"Thu",26.690001
2016,"Jan 2016","Jan",3,3,"Fri",22.34
2016,"Jan 2016","Jan",4,4,"Mon",24.15
2016,"Jan 2016","Jan",4,4,"Tue",22.5
2016,"Jan 2016","Jan",4,4,"Wed",23.110001
2016,"Jan 2016","Jan",4,4,"Thu",22.42
2016,"Jan 2016","Jan",4,4,"Fri",20.200001
2016,"Feb 2016","Feb",5,1,"Mon",19.98
2016,"Feb 2016","Feb",5,1,"Tue",21.98
2016,"Feb 2016","Feb",5,1,"Wed",21.65
2016,"Feb 2016","Feb",5,1,"Thu",21.84
2016,"Feb 2016","Feb",5,1,"Fri",23.379999
2016,"Feb 2016","Feb",6,2,"Mon",26
2016,"Feb 2016","Feb",6,2,"Tue",26.540001
2016,"Feb 2016","Feb",6,2,"Wed",26.290001
2016,"Feb 2016","Feb",6,2,"Thu",28.139999
2016,"Feb 2016","Feb",6,2,"Fri",25.4
2016,"Feb 2016","Feb",7,3,"Tue",24.110001
2016,"Feb 2016","Feb",7,3,"Wed",22.309999
2016,"Feb 2016","Feb",7,3,"Thu",21.639999
2016,"Feb 2016","Feb",7,3,"Fri",20.530001
2016,"Feb 2016","Feb",8,4,"Mon",19.379999
2016,"Feb 2016","Feb",8,4,"Tue",20.98
2016,"Feb 2016","Feb",8,4,"Wed",20.719999
2016,"Feb 2016","Feb",8,4,"Thu",19.110001
2016,"Feb 2016","Feb",8,4,"Fri",19.809999
2016,"Feb 2016","Feb",9,5,"Mon",20.549999
2016,"Mar 2016","Mar",9,1,"Tue",17.700001
2016,"Mar 2016","Mar",9,1,"Wed",17.09
2016,"Mar 2016","Mar",9,1,"Thu",16.700001
2016,"Mar 2016","Mar",9,1,"Fri",16.860001
2016,"Mar 2016","Mar",10,2,"Mon",17.35
2016,"Mar 2016","Mar",10,2,"Tue",18.67
2016,"Mar 2016","Mar",10,2,"Wed",18.34
2016,"Mar 2016","Mar",10,2,"Thu",18.049999
2016,"Mar 2016","Mar",10,2,"Fri",16.5
2016,"Mar 2016","Mar",11,3,"Mon",16.92
2016,"Mar 2016","Mar",11,3,"Tue",16.84
2016,"Mar 2016","Mar",11,3,"Wed",14.99
2016,"Mar 2016","Mar",11,3,"Thu",14.44
2016,"Mar 2016","Mar",11,3,"Fri",14.02
2016,"Mar 2016","Mar",12,4,"Mon",13.79
2016,"Mar 2016","Mar",12,4,"Tue",14.17
2016,"Mar 2016","Mar",12,4,"Wed",14.94
2016,"Mar 2016","Mar",12,4,"Thu",14.74
2016,"Mar 2016","Mar",13,5,"Mon",15.24
2016,"Mar 2016","Mar",13,5,"Tue",13.82
2016,"Mar 2016","Mar",13,5,"Wed",13.56
2016,"Mar 2016","Mar",13,5,"Thu",13.95
2016,"Apr 2016","Apr",13,1,"Fri",13.1
2016,"Apr 2016","Apr",14,2,"Mon",14.12
2016,"Apr 2016","Apr",14,2,"Tue",15.42
2016,"Apr 2016","Apr",14,2,"Wed",14.09
2016,"Apr 2016","Apr",14,2,"Thu",16.16
2016,"Apr 2016","Apr",14,2,"Fri",15.36
2016,"Apr 2016","Apr",15,3,"Mon",16.26
2016,"Apr 2016","Apr",15,3,"Tue",14.85
2016,"Apr 2016","Apr",15,3,"Wed",13.84
2016,"Apr 2016","Apr",15,3,"Thu",13.72
2016,"Apr 2016","Apr",15,3,"Fri",13.62
2016,"Apr 2016","Apr",16,4,"Mon",13.35
2016,"Apr 2016","Apr",16,4,"Tue",13.24
2016,"Apr 2016","Apr",16,4,"Wed",13.28
2016,"Apr 2016","Apr",16,4,"Thu",13.95
2016,"Apr 2016","Apr",16,4,"Fri",13.22
2016,"Apr 2016","Apr",17,5,"Mon",14.08
2016,"Apr 2016","Apr",17,5,"Tue",13.96
2016,"Apr 2016","Apr",17,5,"Wed",13.77
2016,"Apr 2016","Apr",17,5,"Thu",15.22
2016,"Apr 2016","Apr",17,5,"Fri",15.7
2016,"May 2016","May",18,1,"Mon",14.68
2016,"May 2016","May",18,1,"Tue",15.6
2016,"May 2016","May",18,1,"Wed",16.049999
2016,"May 2016","May",18,1,"Thu",15.91
2016,"May 2016","May",18,1,"Fri",14.72
2016,"May 2016","May",19,2,"Mon",14.57
2016,"May 2016","May",19,2,"Tue",13.63
2016,"May 2016","May",19,2,"Wed",14.69
2016,"May 2016","May",19,2,"Thu",14.41
2016,"May 2016","May",19,2,"Fri",15.04
2016,"May 2016","May",20,3,"Mon",14.68
2016,"May 2016","May",20,3,"Tue",15.57
2016,"May 2016","May",20,3,"Wed",15.95
2016,"May 2016","May",20,3,"Thu",16.33
2016,"May 2016","May",20,3,"Fri",15.2
2016,"May 2016","May",21,4,"Mon",15.82
2016,"May 2016","May",21,4,"Tue",14.42
2016,"May 2016","May",21,4,"Wed",13.9
2016,"May 2016","May",21,4,"Thu",13.43
2016,"May 2016","May",21,4,"Fri",13.12
2016,"May 2016","May",22,5,"Tue",14.19
2016,"Jun 2016","Jun",22,1,"Wed",14.2
2016,"Jun 2016","Jun",22,1,"Thu",13.63
2016,"Jun 2016","Jun",22,1,"Fri",13.47
2016,"Jun 2016","Jun",23,2,"Mon",13.65
2016,"Jun 2016","Jun",23,2,"Tue",14.05
2016,"Jun 2016","Jun",23,2,"Wed",14.08
2016,"Jun 2016","Jun",23,2,"Thu",14.64
2016,"Jun 2016","Jun",23,2,"Fri",17.030001
2016,"Jun 2016","Jun",24,3,"Mon",20.969999
2016,"Jun 2016","Jun",24,3,"Tue",20.5
2016,"Jun 2016","Jun",24,3,"Wed",20.139999
2016,"Jun 2016","Jun",24,3,"Thu",19.370001
2016,"Jun 2016","Jun",24,3,"Fri",19.41
2016,"Jun 2016","Jun",25,4,"Mon",18.370001
2016,"Jun 2016","Jun",25,4,"Tue",18.48
2016,"Jun 2016","Jun",25,4,"Wed",21.17
2016,"Jun 2016","Jun",25,4,"Thu",17.25
2016,"Jun 2016","Jun",25,4,"Fri",25.76
2016,"Jun 2016","Jun",26,5,"Mon",23.85
2016,"Jun 2016","Jun",26,5,"Tue",18.75
2016,"Jun 2016","Jun",26,5,"Wed",16.639999
2016,"Jun 2016","Jun",26,5,"Thu",15.63
2016,"Jul 2016","Jul",26,1,"Fri",14.77
2016,"Jul 2016","Jul",27,2,"Tue",15.58
2016,"Jul 2016","Jul",27,2,"Wed",14.96
2016,"Jul 2016","Jul",27,2,"Thu",14.76
2016,"Jul 2016","Jul",27,2,"Fri",13.2
2016,"Jul 2016","Jul",28,3,"Mon",13.54
2016,"Jul 2016","Jul",28,3,"Tue",13.55
2016,"Jul 2016","Jul",28,3,"Wed",13.04
2016,"Jul 2016","Jul",28,3,"Thu",12.82
2016,"Jul 2016","Jul",28,3,"Fri",12.67
2016,"Jul 2016","Jul",29,4,"Mon",12.44
2016,"Jul 2016","Jul",29,4,"Tue",11.97
2016,"Jul 2016","Jul",29,4,"Wed",11.77
2016,"Jul 2016","Jul",29,4,"Thu",12.74
2016,"Jul 2016","Jul",29,4,"Fri",12.02
2016,"Jul 2016","Jul",30,5,"Mon",12.87
2016,"Jul 2016","Jul",30,5,"Tue",13.05
2016,"Jul 2016","Jul",30,5,"Wed",12.83
2016,"Jul 2016","Jul",30,5,"Thu",12.72
2016,"Jul 2016","Jul",30,5,"Fri",11.87
2016,"Aug 2016","Aug",31,1,"Mon",12.44
2016,"Aug 2016","Aug",31,1,"Tue",13.37
2016,"Aug 2016","Aug",31,1,"Wed",12.86
2016,"Aug 2016","Aug",31,1,"Thu",12.42
2016,"Aug 2016","Aug",31,1,"Fri",11.39
2016,"Aug 2016","Aug",32,2,"Mon",11.5
2016,"Aug 2016","Aug",32,2,"Tue",11.66
2016,"Aug 2016","Aug",32,2,"Wed",12.05
2016,"Aug 2016","Aug",32,2,"Thu",11.68
2016,"Aug 2016","Aug",32,2,"Fri",11.55
2016,"Aug 2016","Aug",33,3,"Mon",11.81
2016,"Aug 2016","Aug",33,3,"Tue",12.64
2016,"Aug 2016","Aug",33,3,"Wed",12.19
2016,"Aug 2016","Aug",33,3,"Thu",11.43
2016,"Aug 2016","Aug",33,3,"Fri",11.34
2016,"Aug 2016","Aug",34,4,"Mon",12.27
2016,"Aug 2016","Aug",34,4,"Tue",12.38
2016,"Aug 2016","Aug",34,4,"Wed",13.45
2016,"Aug 2016","Aug",34,4,"Thu",13.63
2016,"Aug 2016","Aug",34,4,"Fri",13.65
2016,"Aug 2016","Aug",35,5,"Mon",12.94
2016,"Aug 2016","Aug",35,5,"Tue",13.12
2016,"Aug 2016","Aug",35,5,"Wed",13.42
2016,"Sep 2016","Sep",35,1,"Thu",13.48
2016,"Sep 2016","Sep",35,1,"Fri",11.98
2016,"Sep 2016","Sep",36,2,"Tue",12.02
2016,"Sep 2016","Sep",36,2,"Wed",11.94
2016,"Sep 2016","Sep",36,2,"Thu",12.51
2016,"Sep 2016","Sep",36,2,"Fri",17.5
2016,"Sep 2016","Sep",37,3,"Mon",15.16
2016,"Sep 2016","Sep",37,3,"Tue",17.85
2016,"Sep 2016","Sep",37,3,"Wed",18.139999
2016,"Sep 2016","Sep",37,3,"Thu",16.299999
2016,"Sep 2016","Sep",37,3,"Fri",15.37
2016,"Sep 2016","Sep",38,4,"Mon",15.53
2016,"Sep 2016","Sep",38,4,"Tue",15.92
2016,"Sep 2016","Sep",38,4,"Wed",13.3
2016,"Sep 2016","Sep",38,4,"Thu",12.02
2016,"Sep 2016","Sep",38,4,"Fri",12.29
2016,"Sep 2016","Sep",39,5,"Mon",14.5
2016,"Sep 2016","Sep",39,5,"Tue",13.1
2016,"Sep 2016","Sep",39,5,"Wed",12.39
2016,"Sep 2016","Sep",39,5,"Thu",14.02
2016,"Sep 2016","Sep",39,5,"Fri",13.29
2016,"Oct 2016","Oct",40,1,"Mon",13.57
2016,"Oct 2016","Oct",40,1,"Tue",13.63
2016,"Oct 2016","Oct",40,1,"Wed",12.99
2016,"Oct 2016","Oct",40,1,"Thu",12.84
2016,"Oct 2016","Oct",40,1,"Fri",13.48
2016,"Oct 2016","Oct",41,2,"Mon",13.38
2016,"Oct 2016","Oct",41,2,"Tue",15.36
2016,"Oct 2016","Oct",41,2,"Wed",15.91
2016,"Oct 2016","Oct",41,2,"Thu",16.690001
2016,"Oct 2016","Oct",41,2,"Fri",16.120001
2016,"Oct 2016","Oct",42,3,"Mon",16.209999
2016,"Oct 2016","Oct",42,3,"Tue",15.28
2016,"Oct 2016","Oct",42,3,"Wed",14.41
2016,"Oct 2016","Oct",42,3,"Thu",13.75
2016,"Oct 2016","Oct",42,3,"Fri",13.34
2016,"Oct 2016","Oct",43,4,"Mon",13.02
2016,"Oct 2016","Oct",43,4,"Tue",13.46
2016,"Oct 2016","Oct",43,4,"Wed",14.24
2016,"Oct 2016","Oct",43,4,"Thu",15.36
2016,"Oct 2016","Oct",43,4,"Fri",16.190001
2016,"Oct 2016","Oct",44,5,"Mon",17.059999
2016,"Nov 2016","Nov",44,1,"Tue",18.559999
2016,"Nov 2016","Nov",44,1,"Wed",19.32
2016,"Nov 2016","Nov",44,1,"Thu",22.08
2016,"Nov 2016","Nov",44,1,"Fri",22.51
2016,"Nov 2016","Nov",45,2,"Mon",18.709999
2016,"Nov 2016","Nov",45,2,"Tue",18.74
2016,"Nov 2016","Nov",45,2,"Wed",14.38
2016,"Nov 2016","Nov",45,2,"Thu",14.74
2016,"Nov 2016","Nov",45,2,"Fri",14.17
2016,"Nov 2016","Nov",46,3,"Mon",14.48
2016,"Nov 2016","Nov",46,3,"Tue",13.37
2016,"Nov 2016","Nov",46,3,"Wed",13.72
2016,"Nov 2016","Nov",46,3,"Thu",13.35
2016,"Nov 2016","Nov",46,3,"Fri",12.85
2016,"Nov 2016","Nov",47,4,"Mon",12.42
2016,"Nov 2016","Nov",47,4,"Tue",12.41
2016,"Nov 2016","Nov",47,4,"Wed",12.43
2016,"Nov 2016","Nov",47,4,"Fri",12.34
2016,"Nov 2016","Nov",48,5,"Mon",13.15
2016,"Nov 2016","Nov",48,5,"Tue",12.9
2016,"Nov 2016","Nov",48,5,"Wed",13.33
2016,"Dec 2016","Dec",48,1,"Thu",14.07
2016,"Dec 2016","Dec",48,1,"Fri",14.12
2016,"Dec 2016","Dec",49,2,"Mon",12.14
2016,"Dec 2016","Dec",49,2,"Tue",11.79
2016,"Dec 2016","Dec",49,2,"Wed",12.22
2016,"Dec 2016","Dec",49,2,"Thu",12.64
2016,"Dec 2016","Dec",49,2,"Fri",11.75
2016,"Dec 2016","Dec",50,3,"Mon",12.64
2016,"Dec 2016","Dec",50,3,"Tue",12.72
2016,"Dec 2016","Dec",50,3,"Wed",13.19
2016,"Dec 2016","Dec",50,3,"Thu",12.79
2016,"Dec 2016","Dec",50,3,"Fri",12.2
2016,"Dec 2016","Dec",51,4,"Mon",11.71
2016,"Dec 2016","Dec",51,4,"Tue",11.45
2016,"Dec 2016","Dec",51,4,"Wed",11.27
2016,"Dec 2016","Dec",51,4,"Thu",11.43
2016,"Dec 2016","Dec",51,4,"Fri",11.44
2016,"Dec 2016","Dec",52,5,"Tue",11.99
2016,"Dec 2016","Dec",52,5,"Wed",12.95
2016,"Dec 2016","Dec",52,5,"Thu",13.37
2016,"Dec 2016","Dec",52,5,"Fri",14.04
